isosmiles;;;;;;
CCOC(=O)[C@@]1(C[C@@H]1S(=O)(=O)C2=CC=C(C=C2)Cl)N;;;;;;
C1[C@H]([C@@]1(CN)CO)S(=O)(=O)C2=CC=C(C=C2)Cl;;;;;;
C1[C@H]([C@]1(CN)C(=O)O)S(=O)(=O)C2=CC=C(C=C2)Cl;;;;;;
COC1=C(C(=C(C=C1)[C@@H]2CC(=O)OC3=CC(=C(C(=C23)OC)OC)OC)OC)OC;;;;;;
C[C@](CNS(=O)(=O)CCC(F)(F)F)(C1=CC2=CC=CC=C2O1)O;;;;;;
CC(C)(C)OC(=O)N[C@]1(C[C@@H]1S(=O)(=O)C2=CC=C(C=C2)Cl)CN;;;;;;
CC(C)C1=CC(=NO1)[C@H]2CCCN2C(=O)CN(C)CC3=CN=CC=C3;;;;;;
C[C@@](CNS(=O)(=O)C1=CC=CC2=NSN=C21)(C3=CC4=CC=CC=C4O3)O;;;;;;
COC[C@]1(C[C@@H]1S(=O)(=O)C2=CC=C(C=C2)Cl)CN;;;;;;
C[C@@](CNS(=O)(=O)C1=CC(=C(C=C1)OC)C(=O)N)(C2=CC3=CC=CC=C3O2)O;;;;;;
C[C@](CNS(=O)(=O)C1=CC(=C(C=C1)OC)C(=O)N)(C2=CC3=CC=CC=C3O2)O;;;;;;
CC[C@H](C1=C(C=C(C=C1)C)C)NC(=O)C2=CC=C(C=C2)CSC3=CC=CC=C3;;;;;;
CC1=CC2=C([C@@H](CC(=O)O2)C3=CC4=C(C(=C3)OC)OCCO4)C(=O)N1CCC5=CC=C(C=C5)O;;;;;;
C[C@](CNC(=O)C(=O)NC1CCCC1)(C2=CC3=CC=CC=C3O2)O;;;;;;
C[C@](CNC(=O)C(=O)NC1=CC=CC=C1)(C2=CC3=CC=CC=C3O2)O;;;;;;
C1[C@@H]([C@]1(CO)C(=O)O)S(=O)(=O)C2=CC=C(C=C2)Cl;;;;;;
CC1=CC(=O)OC2=C3[C@@H](CC(=O)OC3=C(C(=C12)O)C(=O)C)C4=CC5=C(C=C4[N+](=O)[O-])OCO5;;;;;;
C1[C@H]([C@]1(CO)N)S(=O)(=O)C2=CC=C(C=C2)Cl;;;;;;
C[C@](CNC(=O)C(=O)NC1=CC=CC(=C1)C(F)(F)F)(C2=CC3=CC=CC=C3O2)O;;;;;;
CN(CC1=NC(=NO1)C2=CC=CS2)C(=O)C3=CC=C(C=C3)CSC4=CC=CC=C4;;;;;;
CCN(CC1=NC(=NO1)C2=CC=CS2)C(=O)C3=CC=C(C=C3)CSC4=CC=CC=C4;;;;;;
C[C@](CNC(=O)C(=O)NC1=CC=C(C=C1)OC(F)(F)F)(C2=CC3=CC=CC=C3O2)O;;;;;;
COC[C@]1(C[C@@H]1S(=O)(=O)C2=CC=C(C=C2)Cl)C(=O)O;;;;;;
COC1=NC=C(C=C1)[C@@H](C2CC(C2)O)NC(=O)C3=C(C=CC=N3)O;;;;;;
C1[C@@H]([C@@H]1S(=O)(=O)C2=CC=C(C=C2)Cl)C(=O)O;;;;;;
CC(C)(C)OC(=O)N[C@@]1(C[C@H]1S(=O)(=O)C2=CC=C(C=C2)Cl)C=O;;;;;;
CC1=C(C=C(C=C1)[C@H](C)NC(=O)C2=CC=C(C=C2)CSC3=CC=C(C=C3)Cl)C;;;;;;
C1[C@H]([C@@H]1S(=O)(=O)C2=CC=C(C=C2)Cl)C(=S)N;;;;;;
CC[C@@H](C1=CC(=C(C=C1)C)C)NC(=O)C2=CC=C(C=C2)CSC3=CC=C(C=C3)Cl;;;;;;
COC1=CC=C(C=C1)N2C[C@]34C=C[C@@H](O3)[C@H]([C@H]4C2=O)C(=O)O;;;;;;
CN1C2=CC=CC=C2C=C(C1=O)[C@@H]3CC(=O)OC4=C3C5=C(C=C4)C(=O)/C(=C/C6=C(C(=CC=C6)OC)OC)/O5;;;;;;
CS(=O)(=O)[C@H]1[C@H]([C@@H]1C2=CC=CC=C2)C#N;;;;;;
CC1=CC2=C([C@H](CC(=O)O2)C3=C(C(=CC=C3)OC)OCCC4=CC=CC=C4)C(=O)O1;;;;;;
CC(C)N1C=C(N=C1)S(=O)(=O)NC[C@]2(CCCC3=C2C=CC(=C3)OC)O;;;;;;
CC1=CC(=NN1CCCC(=O)N2CCC[C@@H]2C3=CC=CC=C3OC)C;;;;;;
CC1=C(C=CC=C1Cl)NC(=O)C(=O)NC[C@@]2(CCCC3=C2C=CC(=C3)OC)O;;;;;;
COC1=CC2=C(C=C1)[C@](CCC2)(CNC(=O)C(=O)NCC3=CC4=C(C=C3)OCO4)O;;;;;;
CS(=O)(=O)[C@@H]1[C@@H]([C@@]1(CN)C(=O)O)C2=CC=CC=C2;;;;;;
COC1=CC=C(C=C1)CCOC2=C(C=C(C=C2)[C@@H](CC(=O)OC)C3=C(C(=O)C=C(O3)CN4C[C@@H]5C[C@H](C4)C6=CC=CC(=O)N6C5)O)OC;;;;;;
CN(CC1=NC(=NO1)C2=C(C=C(C=C2)OC)OC)C(=O)CSCC3=CC=CC=C3;;;;;;
C1CCN2C[C@H]3C[C@@H]([C@@H]2C1)C=C4[C@H]3N(CCC4)C(=O)CC5=CC(=C(C=C5F)F)F;;;;;;
C=CCN1C[C@H](CC1=O)C(=O)NCCCC2=CC=NC=C2;;;;;;
COC[C@@]1([C@H]([C@@H]1S(=O)(=O)C)C2=CC=CC=C2)CN;;;;;;
COC1=C(C2=C(C=C1)[C@H]3N(C(=O)C4=CC=CC=C4N3C2=O)CCCC(=O)NCC5=CC=CC=C5)OC;;;;;;
COC1=CC2=C(C=C1)[C@@](CCC2)(CNC(=O)NC3=CC=CC=C3C(F)(F)F)O;;;;;;
CC1=CC(=C(C=C1)C)[C@@H](C)NC(=O)CSCC2=CC=CC=C2C;;;;;;
CS(=O)(=O)[C@@H]1[C@H](C1(CO)CO)C2=CC=CC=C2;;;;;;
CC1=CC=CC=C1CSCC(=O)NCCCC2=CC(=CC=C2)OC(C)C;;;;;;
CS(=O)(=O)[C@H]1[C@@H]([C@]1(CO)N)C2=CC=CC=C2;;;;;;
CC1=CC(=C(C(=O)N1CCC2=CC=C(C=C2)O)[C@@H](CC(=O)OC)C3=CC=NC4=CC=CC=C34)O;;;;;;
COC[C@]1([C@H]([C@@H]1S(=O)(=O)C)C2=CC=CC=C2)C(=O)O;;;;;;
CC1CCN(CC1)C2=CC=C(C=C2)[C@H](C)NC(=O)CSCC3=CC=CC=C3C;;;;;;
C1[C@@H](C2=C(C=CC3=C2O/C(=C\\C4=CN=CC=C4)/C3=O)OC1=O)C5=CC=CC=C5;;;;;;
CC1=CC=CC=C1CSCC(=O)N[C@@H]2CC(OC3=C2C=CC(=C3)OC)(C)C;;;;;;
COC[C@@]1([C@H]([C@@H]1S(=O)(=O)C)C2=CC=CC=C2)C(=S)N;;;;;;
CC1=CC(=CC=C1)C2=NOC(=N2)CNC(=O)CSCC3=CC=CC=C3C;;;;;;
CS(=O)(=O)[C@H]1[C@H]([C@H]1C(=S)N)C2=CC=CC=C2;;;;;;
CS(=O)(=O)[C@H]1[C@H]([C@@H]1C(=S)N)C2=CC=CC=C2;;;;;;
CC1=C(SC(=N1)C2=CC=C(C=C2)OC)C(=O)N3C[C@@H]4C[C@H](C3)C5=CC=CC(=O)N5C4;;;;;;
CC1=CC=CC=C1CSCC(=O)NCC2=NC(=NO2)C3=C(C=C(C=C3)OC)OC;;;;;;
CCS(=O)(=O)[C@@H]1[C@@H]([C@@]1(CO)C#N)C2=CC=CC=C2;;;;;;
CC1=CC=C(C=C1)CSCC(=O)NC2=CC=C(C=C2)OC3CCCC3;;;;;;
CCS(=O)(=O)[C@H]1[C@H]([C@@H]1C2=CC=CC=C2)C#N;;;;;;
CCS(=O)(=O)[C@H]1[C@@H]([C@@H]1C2=CC=CC=C2)C#N;;;;;;
CC[C@H](C1=CC=NC=C1)NC(=O)CN2C=NC(=C2C)C;;;;;;
CC(C)C[C@H](C1=CN=CC=C1)NC(=O)CC2=CC=CC=C2C(F)(F)F;;;;;;
CC1=CC(=O)OC2=C3[C@H](CC(=O)OC3=C(C(=C12)O)C(=O)C)C4=CC=C(C=C4)OCC(C)C;;;;;;
CC1=CC=C(C=C1)CSCC(=O)N[C@@H](C)C2=CC(=C(C=C2)C)C;;;;;;
CC1=CC(=C(C(=O)O1)[C@H](CC(=O)OC)C2=CC(=C(C=C2OC)OC)OC)O;;;;;;
CC1=CC2=C([C@@H](CC(=O)O2)C3=COC4=C(C3=O)C=C(C=C4)Cl)C(=O)O1;;;;;;
COC1=CC=C(C=C1)CCCNC(=O)CSCC2=CC(=CC=C2)Cl;;;;;;
COC1=CC=C(C=C1)C2=NOC(=N2)CNC(=O)CSCC3=CC(=CC=C3)Cl;;;;;;
CC[C@@H](CN1C=CN=C1)NC(=O)CCC2=C(NC(=O)N=C2C)C;;;;;;
COC1=CC=CC=C1CCCNC(=O)CSCC2=CC=C(C=C2)Cl;;;;;;
C1=CC=C(C=C1)[C@@H]2[C@H]([C@H]2S(=O)(=O)C3=CC=CC=C3)C(=S)N;;;;;;
C1=CC=C(C=C1)[C@H]2[C@H]([C@H]2S(=O)(=O)C3=CC=CC=C3)C=O;;;;;;
CC1=CC=C(C=C1)S(=O)(=O)[C@@H]2[C@@H]([C@@]2(C#N)C(=O)O)C3=CC=CC=C3;;;;;;
C1CN(CCC1O)C2=NC(=NC=C2)N[C@@H](C3CC(C3)O)C4=CC=CC=N4;;;;;;
CCOC(=O)[C@]1([C@H]([C@@H]1S(=O)(=O)C2=CC=C(C=C2)C)C3=CC=CC=C3)N;;;;;;
CC1=CC=C(C=C1)S(=O)(=O)[C@@H]2[C@H](C2(CN)CN)C3=CC=CC=C3;;;;;;
CC1=CC=C(C=C1)S(=O)(=O)[C@@H]2[C@@H](C2(CN)CN)C3=CC=CC=C3;;;;;;
CC1=CC=C(C=C1)S(=O)(=O)[C@H]2[C@@H](C2(CN)CN)C3=CC=CC=C3;;;;;;
CC1=CC=C(C=C1)S(=O)(=O)[C@@H]2[C@H]([C@@]2(CN)CO)C3=CC=CC=C3;;;;;;
CC(C)C[C@H]1CC(=O)OC2=C1C3=C(C=C2)C(=O)/C(=C/C4=CN=CC=C4)/O3;;;;;;
C1CC2(CCC1N[C@@H](CC3=CC=CC=N3)C4CC(C4)O)CCNCC2;;;;;;
CC1=CC=C(C=C1)S(=O)(=O)[C@@H]2[C@@H]([C@]2(CN)N)C3=CC=CC=C3;;;;;;
CN(C)S(=O)(=O)C1=CC2=C(C=C1)N(CC2)C(=O)CSCC3=CC=C(C=C3)[N+](=O)[O-];;;;;;
CC1=CC=C(C=C1)S(=O)(=O)[C@H]2[C@@H]([C@@H]2C3=CC=CC=C3)CN;;;;;;
CC(C)C1=CC=C(C=C1)[C@@H](CC(=O)OC)C2=C(C(=O)C=C(O2)CN3C[C@@H]4C[C@H](C3)C5=CC=CC(=O)N5C4)O;;;;;;
CC1=CC=C(C=C1)S(=O)(=O)[C@@H]2[C@H](C2(CO)CO)C3=CC=CC=C3;;;;;;
CC(C)OC1=CC=CC(=C1)CCCNC(=O)CSCC2=CC=C(C=C2)[N+](=O)[O-];;;;;;
CC(C)OC1=CC=C(C=C1)CCCNC(=O)CSCC2=CC=C(C=C2)[N+](=O)[O-];;;;;;
CC1=C(N(N=C1C)CCC(=O)NC[C@@H]2CCCN(C2)C3=CC=CC=N3)C;;;;;;
CN1C=C(C2=CC=CC=C21)CC(=O)N3CCCC4=C[C@H]5C[C@@H]([C@@H]43)CN6[C@H]5CCCC6;;;;;;
CC1=CC=C(C=C1)S(=O)(=O)[C@H]2[C@@H]([C@]2(CO)N)C3=CC=CC=C3;;;;;;
COC1=C(C=C(C=C1)CCCNC(=O)CSCC2=CC=C(C=C2)[N+](=O)[O-])OC;;;;;;
CC1=CC=CC=C1OC[C@H](C)NC(=O)CSCC2=CC=C(C=C2)[N+](=O)[O-];;;;;;
CC1=CC=C(C=C1)OC[C@@H](C)NC(=O)CSCC2=CC=C(C=C2)[N+](=O)[O-];;;;;;
CC1CCN(CC1)C2=CC=C(C=C2)[C@@H](C)NC(=O)CSCC3=CC=C(C=C3)[N+](=O)[O-];;;;;;
CC1=CC=C(C=C1)S(=O)(=O)[C@@H]2[C@@H]([C@]2(C(=O)O)N)C3=CC=CC=C3;;;;;;
C1C[C@H](N(C1)C(=O)C2=CC=C(C=C2)CSC3=CC=CC=N3)C4=CC=CC=N4;;;;;;
CC1=CC=C(C=C1)S(=O)(=O)[C@H]2[C@@H]([C@]2(C(=O)O)N)C3=CC=CC=C3;;;;;;
CC1=CC=C(C=C1)S(=O)(=O)[C@H]2[C@H]([C@]2(COC)C(=O)O)C3=CC=CC=C3;;;;;;
CC1=NN(C=C1Cl)CC(=O)N[C@@H](C2CC(C2)O)C3=C(C=C(C=C3)F)F;;;;;;
COC1=CC=CC(=C1OC)/C=C\\2/C(=O)C3=C(O2)C4=C(C=C3)OC(=O)C[C@@H]4C5=C(C(=CC=C5)OC)OCCC6=CC7=C(C=C6)OCC7;;;;;;
CC1=CC2=C([C@@H](CC(=O)O2)C3=CC4=CC=CC=C4N(C3=O)CC(C)C)C(=O)O1;;;;;;
CC1=CC2=C(C=C1)[C@H](CC(O2)(C)C)NC(=O)CSCC3=CC=C(C=C3)[N+](=O)[O-];;;;;;
CC1=CC=C(C=C1)S(=O)(=O)[C@H]2[C@H]([C@H]2C(=O)O)C3=CC=CC=C3;;;;;;
CC1=CC2=C([C@H](CC(=O)O2)C3=CC4=CC=CC=C4N(C3=O)CC(C)C)C(=O)O1;;;;;;
CC1=CC2=C(C=C1)[C@@H](CC(O2)(C)C)NC(=O)CSCC3=CC=C(C=C3)[N+](=O)[O-];;;;;;
CC1=CC(=O)OC2=C3[C@H](CC(=O)OC3=C(C(=C12)O)C(=O)C)C4=CC(=C(C=C4)OCC(=O)OC)OC;;;;;;
CC1=CC=C(C=C1)S(=O)(=O)[C@@H]2[C@H]([C@@H]2C(=O)O)C3=CC=CC=C3;;;;;;
C1[C@H]2CN(C[C@@H]1C3=CC=CC(=O)N3C2)C(=O)C4=NNC(=C4)C5=CC=C(S5)Br;;;;;;
CC1=CC=C(C=C1)S(=O)(=O)[C@H]2[C@H]([C@@]2(COC)N)C3=CC=CC=C3;;;;;;
COC1=NC=C(C=C1)[C@H](C2CC(C2)O)NC(=O)CN3C=CC(=O)NC3=O;;;;;;
COC1=C(C(=C(C=C1)[C@H]2CC(=O)OC3=C2C4=C(C=C3)C(=O)/C(=C\\C5=CC(=C(C=C5OC)OC)OC)/O4)OC)OC;;;;;;
CC1=CC=C(C=C1)S(=O)(=O)[C@H]2[C@@H]([C@]2(COC)N)C3=CC=CC=C3;;;;;;
CC1=C(C(=NN1C)C)NC(=O)CNC2=CC=C3C(=CC2=O)[C@H](CCC4=CC(=C(C(=C43)OC)OC)OC)NC(=O)C;;;;;;
CC1=CC=C(C=C1)S(=O)(=O)[C@@H]2[C@@H]([C@]2(C=O)NC(=O)OC(C)(C)C)C3=CC=CC=C3;;;;;;
COC1=NC=C(C=C1)[C@@H](C2CC(C2)O)NC(=O)CN3CCOCC3;;;;;;
C1CCC2(CC1)CC(=O)C3=C(O2)C4=C(C=C3)OC(=O)C[C@@H]4C5=CC=C(C=C5)O;;;;;;
CC1=CC(=CC=C1)C2=NOC(=N2)CN(C)C(=O)CSCC3=CC=C(C=C3)[N+](=O)[O-];;;;;;
CC1=CC=C(C=C1)S(=O)(=O)[C@@H]2[C@H]([C@H]2C(=S)N)C3=CC=CC=C3;;;;;;
CC1=CC=C(C=C1)S(=O)(=O)[C@H]2[C@H]([C@@H]2C(=S)N)C3=CC=CC=C3;;;;;;
COC1=CC=C(C=C1)/C=C\\2/C(=O)C3=C(O2)C4=C(C=C3)OC(=O)C[C@H]4C5=CC(=CC=C5)OCCC6=CC7=C(C=C6)OCC7;;;;;;
CC1=CC=C(C=C1)S(=O)(=O)[C@H]2[C@@H]([C@@H]2C3=CC=CC=C3)C=O;;;;;;
COC1=CC=C(C=C1)/C=C\\2/C(=O)C3=C(O2)C4=C(C=C3)OC(=O)C[C@@H]4C5=CC(=CC=C5)OCCC6=CC7=C(C=C6)OCC7;;;;;;
CN(CC1=NC(=NO1)C2=CC=CS2)C(=O)CSCC3=CC=C(C=C3)[N+](=O)[O-];;;;;;
C1=CC=C(C=C1)[C@@H]2[C@@H](C2(C#N)C#N)S(=O)(=O)C3=CC=C(C=C3)Cl;;;;;;
CC1=CC2=C([C@H](CC(=O)O2)C3=C(C(=C(C=C3)OC)OC)OC)C(=O)O1;;;;;;
CC[C@H](C1=CC=CC(=N1)C)NC(=O)C2=C(C(=CC=C2)O)C;;;;;;
C1=CC=C(C=C1)[C@@H]2[C@@H]([C@]2(CO)C#N)S(=O)(=O)C3=CC=C(C=C3)Cl;;;;;;
C1=CC=C(C=C1)[C@@H]2[C@@H]([C@@]2(CO)C#N)S(=O)(=O)C3=CC=C(C=C3)Cl;;;;;;
COC(=O)C[C@H](C1=CC=C(C=C1)C(=O)O)C2=CC3=C(C=C2O)OCO3;;;;;;
C[C@@H](C1=NC(=NO1)CCOC)NC(=O)C2=C(C=NC=C2)O;;;;;;
COC1=CC2=C(C=C1)C=C(C(=O)N2)[C@@H]3CC(=O)OC4=CC(=C(C(=C34)OC)OC)OC;;;;;;
COC1=CC2=C(C=C1)C=C(C(=O)N2)[C@H]3CC(=O)OC4=CC(=C(C(=C34)OC)OC)OC;;;;;;
C[C@H](C(=O)NCCCC1=CC=C(C=C1)OC)SC2=CC=CC=C2;;;;;;
COC[C@@]1([C@@H]([C@@H]1S(=O)(=O)C2=CC=C(C=C2)Cl)C3=CC=CC=C3)C#N;;;;;;
COC(=O)C[C@@H](C1=CC2=C(C=C1)OCCO2)C3=C(C(=O)C=C(O3)CN4C[C@@H]5C[C@H](C4)C6=CC=CC(=O)N6C5)O;;;;;;
COC[C@]1([C@H]([C@@H]1S(=O)(=O)C2=CC=C(C=C2)Cl)C3=CC=CC=C3)C#N;;;;;;
CCOC[C@]1([C@H]([C@@H]1S(=O)(=O)C2=CC=C(C=C2)Cl)C3=CC=CC=C3)C#N;;;;;;
C[C@H](C(=O)NC1=CC=CC=C1C(=O)C2=CC=CC=C2)SC3=CC=CC=C3;;;;;;
CCOC[C@@]1([C@H]([C@@H]1S(=O)(=O)C2=CC=C(C=C2)Cl)C3=CC=CC=C3)C#N;;;;;;
C[C@H](C(=O)NC1=CC=C(C=C1)OC2CCCC2)SC3=CC=CC=C3;;;;;;
CCOC(=O)[C@]1([C@H]([C@@H]1S(=O)(=O)C2=CC=C(C=C2)Cl)C3=CC=CC=C3)CN;;;;;;
CC1=CC=CC=C1OC[C@H](C)NC(=O)[C@H](C)SC2=CC=CC=C2;;;;;;
C1=CC=C(C=C1)[C@H]2[C@H](C2(CN)CN)S(=O)(=O)C3=CC=C(C=C3)Cl;;;;;;
C1C(CC1O)[C@H](CC2=CC=CC=N2)NC(=O)C3=NNC4=CC=CC=C43;;;;;;
CC1=CC=C(C=C1)OC[C@@H](C)NC(=O)[C@H](C)SC2=CC=CC=C2;;;;;;
C1=CC=C(C=C1)[C@@H]2[C@@H]([C@@]2(CN)CO)S(=O)(=O)C3=CC=C(C=C3)Cl;;;;;;
C1=CC=C(C=C1)[C@H]2[C@@H]([C@]2(CN)C(=O)O)S(=O)(=O)C3=CC=C(C=C3)Cl;;;;;;
COC1=C(C=C(C=C1)[C@@H](CC(=O)OC)C2=CC3=C(C=C2O)OCO3)OC;;;;;;
C1=CC=C(C=C1)[C@H]2[C@@H]([C@@]2(CN)N)S(=O)(=O)C3=CC=C(C=C3)Cl;;;;;;
CC1=CC2=C(C=C1)OC(C[C@H]2NC(=O)[C@@H](C)SC3=CC=CC=C3)(C)C;;;;;;
CC1=NC(=NN1)SCCNC(=O)[C@H]2CC(=O)N(C2)C3=CC(=CC=C3)F;;;;;;
CC(C)(C)OC(=O)N[C@]1([C@@H]([C@@H]1S(=O)(=O)C2=CC=C(C=C2)Cl)C3=CC=CC=C3)CN;;;;;;
CC1=CC2=C(C=C1)OC(C[C@@H]2NC(=O)[C@H](C)SC3=CC=CC=C3)(C)C;;;;;;
COC1=CC=C(C2=CC=CC=C21)[C@@H](CC(=O)N)C3=C(C(=O)C=C(O3)CN4CCOCC4)O;;;;;;
CC1=CC2=C(C=C1)[C@H](CC(O2)(C)C)NC(=O)[C@@H](C)SC3=CC=CC=C3;;;;;;
C[C@H](C(=O)N[C@H]1CC(OC2=C1C=CC(=C2)OC)(C)C)SC3=CC=CC=C3;;;;;;
COC(=O)C[C@H](C1=CN=CC=C1)C2=C(C(=CNC2=O)C(=O)OC)O;;;;;;
C[C@H](CC1=NC=CN=C1)N(C)C(=O)C2=NOC3=C2CCCC3;;;;;;
COC(=O)C[C@@H](C1=CN=CC=C1)C2=C(C(=CNC2=O)C(=O)OC)O;;;;;;
C1=CC=C(C=C1)[C@@H]2[C@H]([C@H]2S(=O)(=O)C3=CC=C(C=C3)Cl)CN;;;;;;
CC[C@@H](C1=CC(=C(C=C1)C)C)NC(=O)[C@@H](C)SC2=CC=CC=C2;;;;;;
COC1=C(C2=C(C=C1)[C@@H]3N(C(=O)C4=CC=CC=C4N3C2=O)CC(=O)NCCN5C=CC=C5)OC;;;;;;
CC[C@H](C)[C@H](C(=O)N1C[C@@H]2C[C@H](C1)C3=CC=CC(=O)N3C2)N4CC5=CC=CC=C5C4=O;;;;;;
CC[C@@H](C1=CC(=C(C=C1)C)C)NC(=O)[C@H](C)SC2=CC=CC=C2;;;;;;
C1[C@H]2CN(C[C@@H]1C3=CC=CC(=O)N3C2)C(=O)CC4=NNC(=O)C5=CC=CC=C54;;;;;;
CC[C@H](C1=C(C=C(C=C1)C)C)NC(=O)[C@@H](C)SC2=CC=CC=C2;;;;;;
CC[C@@H](C1=C(C=C(C=C1)C)C)NC(=O)[C@@H](C)SC2=CC=CC=C2;;;;;;
C1=CC=C(C=C1)[C@@H]2[C@@H]([C@]2(CO)N)S(=O)(=O)C3=CC=C(C=C3)Cl;;;;;;
C1=CC=C(C=C1)[C@H]2[C@@H]([C@@]2(CO)N)S(=O)(=O)C3=CC=C(C=C3)Cl;;;;;;
COC1=C(C2=C(C=C1)[C@@H]3N(C2=O)[C@@H](CS3)C(=O)NCC4CCOCC4)OC;;;;;;
CC[C@@H](C1=CC(=C(C=C1)OC)OC)NC(=O)[C@H](C)SC2=CC=CC=C2;;;;;;
C1=CC=C(C=C1)[C@@H]2[C@H]([C@H]2S(=O)(=O)C3=CC=C(C=C3)Cl)CO;;;;;;
COC1=C(C(=C2[C@@H](CC(=O)OC2=C1)C3=CC4=C(C=C3)N=CC=C4)OC)OC;;;;;;
C1CC2=C(C1)NC(=O)C(=C2)C(=O)N[C@@H]3CC(=O)N(C3)CC4=CC=CC=C4;;;;;;
C[C@H](C(=O)NCC1=NC(=NO1)C2=C(C=C(C=C2)OC)OC)SC3=CC=CC=C3;;;;;;
COC1=CC(=C(C=C1)N2C[C@@H](CC2=O)C(=O)N3CCCC[C@H]3C4=CN=CC=C4)OC;;;;;;
CC(C)C(=O)NC1=CN=C(C=C1)SC[C@@H]2CCCN3[C@@H]2CCCC3;;;;;;
C[C@H](C(=O)N(C)CC1=NC(=NO1)C2=CC=CC=C2)SC3=CC=CC=C3;;;;;;
CN1C(=O)C(=CNC1=O)CC(=O)N[C@@H](CC2=CC=NC=C2)C3CC(C3)O;;;;;;
COC[C@]1([C@H]([C@@H]1S(=O)(=O)C2=CC=C(C=C2)Cl)C3=CC=CC=C3)N;;;;;;
C[C@H](C1=NN2CCN(CC2=C1)C(=O)CC3=C(CCC3=O)C4=CC=CC=C4)O;;;;;;
CCOC[C@]1([C@@H]([C@@H]1S(=O)(=O)C2=CC=C(C=C2)Cl)C3=CC=CC=C3)N;;;;;;
C[C@@H](C(=O)N(C)CC1=NC(=NO1)C2=CC(=CC=C2)OC)SC3=CC=CC=C3;;;;;;
CC1=CC(=C(C(=O)O1)[C@H](CC(=O)O)C2=CC(=C(C=C2)OC)O)O;;;;;;
C[C@H](C(=O)N(C)CC1=NC(=NO1)C2=CC=C(C=C2)OC)SC3=CC=CC=C3;;;;;;
C1C[C@H](CN(C1)C2=NC=CC=N2)C(=O)NC[C@H]3C[C@H]4C[C@@H]3C=C4;;;;;;
CC1=CC(=O)OC2=C3[C@H](CC(=O)OC3=C(C(=C12)O)C(=O)C)C4=CSC=C4;;;;;;
C[C@H](C(=O)N(C)CC1=NC(=NO1)C2=C(C=C(C=C2)OC)OC)SC3=CC=CC=C3;;;;;;
C[C@@H](C(=O)N(C)CC1=NC(=NO1)C2=CC(=CC=C2)Br)SC3=CC=CC=C3;;;;;;
C1=CC=C(C=C1)[C@@H]2[C@@H]([C@H]2S(=O)(=O)C3=CC=C(C=C3)Cl)N;;;;;;
COC1=C(C=C(C=C1)[C@H](C2CC(C2)O)NC(=O)C3=CC(=O)C(=CN3)OC)F;;;;;;
CC(C)(C)OC(=O)N[C@@]1([C@@H]([C@@H]1S(=O)(=O)C2=CC=C(C=C2)Cl)C3=CC=CC=C3)C=O;;;;;;
COC1=CC=C(C=C1)[C@@H]2CC(=O)OC3=C2C4=C(C=C3)C(=O)/C(=C\\C5=CC(=C(C=C5OC)OC)OC)/O4;;;;;;
CN(C)C1=NSC(=N1)N[C@H](C2CC(C2)O)C3=CC4=CC=CC=C4N=C3;;;;;;
CCOC[C@@]1([C@H]([C@@H]1S(=O)(=O)C2=CC=C(C=C2)Cl)C3=CC=CC=C3)C(=S)N;;;;;;
COC1=CC=C(C=C1)CCOC2=C(C=CC=C2OC)[C@H](CC(=O)OC)C3=C(C4=CC=CC=C4OC3=O)O;;;;;;
C1=CC=C(C=C1)[C@H]2[C@H]([C@H]2S(=O)(=O)C3=CC=C(C=C3)Cl)C(=S)N;;;;;;
C1C(CC1O)[C@H](CC2=CC=NC=C2)NC(=O)C3=CC(=CN3)Cl;;;;;;
CC(C)C[C@@H](CC(=O)OC)C1=C(C(=CNC1=O)C(=O)OC)O;;;;;;
C1=CC=C(C=C1)[C@@H]2[C@H]([C@H]2S(=O)(=O)C3=CC=C(C=C3)Cl)C(=S)N;;;;;;
CC1=CC(=C(C=C1)C)[C@H](C)NC(=O)[C@H](C)SCC2=CC=CC=C2;;;;;;
C1=CC=C(C=C1)[C@H]2[C@@H]([C@H]2S(=O)(=O)C3=CC=C(C=C3)Cl)C=O;;;;;;
COC1=CC=C(C=C1)[C@H]2[C@@H](C2(C#N)C#N)S(=O)(=O)C;;;;;;
C[C@@H](C(=O)NCCCC1=CC=C(C=C1)F)SCC2=CC=CC=C2;;;;;;
COC1=CN=CC(=C1)[C@H](C2CC(C2)O)NC(=O)CCC3=CC(=O)NO3;;;;;;
C[C@H](C(=O)NCCCC1=CC=CC=C1OC)SCC2=CC=CC=C2;;;;;;
COC1=CC=C(C=C1)[C@H]2[C@@H]([C@@]2(C=O)C#N)S(=O)(=O)C;;;;;;
CC1=CC(=O)OC2=C3[C@H](CC(=O)OC3=C(C(=C12)O)C(=O)C)C4=CC(=C(C(=C4)F)F)F;;;;;;
CCOC(=O)[C@]1([C@@H]([C@@H]1S(=O)(=O)C)C2=CC=C(C=C2)OC)C#N;;;;;;
C[C@H](COC1=CC=C(C=C1)OC)NC(=O)[C@H](C)SCC2=CC=CC=C2;;;;;;
CC1=CC=C(C=C1)OCCNC(=O)[C@@H](C)SCC2=CC=CC=C2;;;;;;
CC1=C2C=CN(C2=CC=C1)CC(=O)N3C[C@@H]4C[C@H](C3)C5=CC=CC(=O)N5C4;;;;;;
CC(=O)NCCC(=O)N[C@H](C1CC(C1)O)C2=CC3=C(C=C2)OCC3;;;;;;
CC(=C)COC1=C(C=CC=C1OC)[C@H]2CC(=O)OC3=C2C4=C(C=C3)C(=O)/C(=C/C5=C(C(=CC=C5)OC)OC)/O4;;;;;;
COC1=CC=C(C=C1)[C@H]2[C@@H]([C@@]2(C#N)C(=O)O)S(=O)(=O)C;;;;;;
C[C@H](C(=O)NCCCC1=CC(=CC=C1)OC(C)C)SCC2=CC=CC=C2;;;;;;
CC1=CC(=C(C(=O)O1)[C@H](CC(=O)OC)C2=CC=CC=C2)O;;;;;;
CC1=CC(=C(C(=O)O1)[C@@H](CC(=O)OC)C2=CC=CC=C2)O;;;;;;
C[C@H](C(=O)NCCCC1=CC=C(C=C1)OC(C)C)SCC2=CC=CC=C2;;;;;;
COC1=CC=C(C=C1)[C@@H]2[C@@H]([C@]2(C#N)N)S(=O)(=O)C;;;;;;
COC1=CC=C(C=C1)[C@@H]2[C@H]([C@]2(C#N)N)S(=O)(=O)C;;;;;;
COC(=O)C[C@H](C1=CC(=CC=C1)Br)C2=C(C(=O)C=C(O2)CN3C[C@@H]4C[C@H](C3)C5=CC=CC(=O)N5C4)O;;;;;;
COC(=O)C[C@@H](C1=CC(=CC=C1)Br)C2=C(C(=O)C=C(O2)CN3C[C@@H]4C[C@H](C3)C5=CC=CC(=O)N5C4)O;;;;;;
CCOC1=CC=C(C=C1)CCCNC(=O)[C@@H](C)SCC2=CC=CC=C2;;;;;;
COC1=C(C=CC(=C1)[C@H](CC(=O)N)C2=C(C(=O)C=C(O2)CN3CCOCC3)O)O;;;;;;
C[C@@H]1CCCN(C1)C2=CC=C(C=C2)[C@H](C)NC(=O)[C@@H](C)SCC3=CC=CC=C3;;;;;;
CC1=CN(C(=O)NC1=O)CC(=O)N[C@@H](C2CC(C2)O)C3=CN=C(C=C3)OC;;;;;;
CC1=CN(C(=O)NC1=O)CC(=O)N[C@H](C2CC(C2)O)C3=CN=C(C=C3)OC;;;;;;
C1CSS[C@@H]1CCCCC(=O)NC[C@H]2C[C@H]3C[C@@H]2C=C3;;;;;;
CN(C[C@H]1CC2=CC=CC=C2O1)C(=O)COC3=NN4C=NN=C4C=C3;;;;;;
CCOC(=O)[C@@]1([C@@H]([C@@H]1S(=O)(=O)C)C2=CC=C(C=C2)OC)CN;;;;;;
CC1=CC2=C(C=C1)[C@@H](CC(O2)(C)C)NC(=O)[C@@H](C)SCC3=CC=CC=C3;;;;;;
CCOC(=O)[C@@]1([C@H]([C@@H]1S(=O)(=O)C)C2=CC=C(C=C2)OC)CN;;;;;;
COC1=CC=C(C=C1)[C@H]2[C@@H]([C@@]2(CN)CO)S(=O)(=O)C;;;;;;
COC1=CC(=CC(=C1OC)OC)[C@@H](CC(=O)OC)C2=CC3=C(C=C2O)OCO3;;;;;;
COC1=CC=C(C=C1)[C@H]2[C@H]([C@@]2(CN)CO)S(=O)(=O)C;;;;;;
CC1=C(C=C(C=C1)[C@H](C)NC(=O)[C@H](C)SCC2=CC=CC=C2)C;;;;;;
CC[C@@H](C1=CC(=C(C=C1)C)C)NC(=O)[C@H](C)SCC2=CC=CC=C2;;;;;;
COC1=CC=C(C=C1)[C@@H]2[C@@H]([C@]2(CN)N)S(=O)(=O)C;;;;;;
C1CCC2(C1)CC(=O)N(C2=O)CCC(=O)NC[C@@H]3C[C@@H]4C[C@H]3C=C4;;;;;;
CC[C@@H](C1=CC(=C(C=C1)OC)OC)NC(=O)[C@@H](C)SCC2=CC=CC=C2;;;;;;
CC(C)(C)OC(=O)N[C@]1([C@H]([C@H]1S(=O)(=O)C)C2=CC=C(C=C2)OC)CN;;;;;;
COC[C@]1([C@@H]([C@@H]1S(=O)(=O)C)C2=CC=C(C=C2)OC)CN;;;;;;
CC[C@@H](C1=CC=C(C=C1)S(=O)(=O)C)NC(=O)[C@@H](C)SCC2=CC=CC=C2;;;;;;
CC1=CC(=C(C(=O)N1CCC2=CC=C(C=C2)O)[C@@H](CC(=O)OC)C3=CC(=C(C=C3)OC)CO)O;;;;;;
COC[C@]1([C@H]([C@@H]1S(=O)(=O)C)C2=CC=C(C=C2)OC)CN;;;;;;
CC[C@@H](C1=CC=C(C=C1)S(=O)(=O)C)NC(=O)[C@H](C)SCC2=CC=CC=C2;;;;;;
CCOC[C@]1([C@@H]([C@@H]1S(=O)(=O)C)C2=CC=C(C=C2)OC)CN;;;;;;
CCOC[C@@]1([C@@H]([C@@H]1S(=O)(=O)C)C2=CC=C(C=C2)OC)CN;;;;;;
COC(=O)C[C@@H](C1=CC=NC=C1)C2=C(C(=CNC2=O)C(=O)OC)O;;;;;;
C1CN(CC2=C1C3=CC=CC=C3N2)C(=O)C4=CC=CC=C4NC(=O)N5C[C@@H]6C[C@H](C5)C7=CC=CC(=O)N7C6;;;;;;
COC1=CC=C(C=C1)[C@H]2[C@@H]([C@@H]2S(=O)(=O)C)CN;;;;;;
COC(=O)C[C@H](C1=CC2=C3C(=CC=C2)CCCN3C1=O)C4=C(C(=O)C(=C(C4=O)O)[C@@H](CC(=O)OC)C5=CC6=C7C(=CC=C6)CCCN7C5=O)O;;;;;;
CC1=CN=C(C=C1)[C@H](C)NC(=O)CC2=CSC=C2;;;;;;
C1CCN([C@@H](C1)C2=CN=CC=C2)C(=O)[C@H](C3=CC=CC=C3)N4C=NN=N4;;;;;;
CC1=CC2=C([C@@H](CC(=O)O2)C3=CC(=C(C(=C3)OC)OC(=O)C)OC)C(=O)N1CCC4=CC=C(C=C4)O;;;;;;
CC1=CC2=C([C@H](CC(=O)O2)C3=CC(=C(C(=C3)OC)OC(=O)C)OC)C(=O)N1CCC4=CC=C(C=C4)O;;;;;;
COC1=CC=C(C=C1)[C@@H]2[C@H]([C@@]2(CO)C(=O)O)S(=O)(=O)C;;;;;;
C1CCC2=C(CC1)NN=C2C(=O)N3CCCC[C@H]3C4=CN=CC=C4;;;;;;
COC1=CC=C(C=C1)[C@H]2[C@H]([C@@]2(CO)C(=O)O)S(=O)(=O)C;;;;;;
CC1=C(C(=NN1CCC(=O)N2CCC[C@H]2C3=NNC(=N3)C)C)C(=O)C;;;;;;
CC1=CC=C(C=C1)C2=NOC(=N2)CN(C)C(=O)[C@@H](C)SCC3=CC=CC=C3;;;;;;
COC(=O)C1=CC=CC(=C1)COC2=CC3=C(C=C2)C(=O)/C(=C/C4=CN=CC=C4)/O3;;;;;;
C[C@@H](C(=O)N(C)CC1=NC(=NO1)C2=C(C=C(C=C2)OC)OC)SCC3=CC=CC=C3;;;;;;
C1COC2=C1C=CC(=C2)CC(=O)NC3=CC4=C(C=C3)NC=C4;;;;;;
C[C@@H](C(=O)N(C)CC1=NC(=NO1)C2=CC=C(C=C2)Cl)SCC3=CC=CC=C3;;;;;;
COC[C@@]1([C@H]([C@@H]1S(=O)(=O)C)C2=CC=C(C=C2)OC)C(=O)O;;;;;;
COC[C@]1([C@H]([C@@H]1S(=O)(=O)C)C2=CC=C(C=C2)OC)C(=O)O;;;;;;
C[C@H](C(=O)NCCCC1=CC=C(C=C1)C(C)C)SCC2=CC=CC=C2;;;;;;
C[C@@H](C(=O)NCCCC1=CC=C(C=C1)C(C)C)SCC2=CC=CC=C2;;;;;;
CC1=CC2=C([C@H](CC(=O)O2)C3=COC4=CC=CC=C4C3=O)C(=O)O1;;;;;;
CN1C=C(C2=CC=CC=C21)CC(=O)N[C@H]3CCCC4=C3NC5=C4C=C(C=C5)OC;;;;;;
COC1=CC=C(C=C1)C2=NOC(=N2)CNC(=O)C3=CC=C(C=C3)CN4CCOCC4;;;;;;
CCOC[C@]1([C@H]([C@@H]1S(=O)(=O)C)C2=CC=C(C=C2)OC)N;;;;;;
COC1=CC(=C(C=C1)C2=NOC(=N2)CNC(=O)C3=CC=C(C=C3)CN4CCOCC4)OC;;;;;;
CCOC[C@@]1([C@H]([C@@H]1S(=O)(=O)C)C2=CC=C(C=C2)OC)N;;;;;;
CC1=C(C=C(C=C1)CCC(=O)N[C@H](C2CCNCC2)C3CC(C3)O)OC;;;;;;
CC1=CC2=C([C@H](CC(=O)O2)C3=CC=CC=C3OCC(C)C)C(=O)N1CCC4=CC=C(C=C4)O;;;;;;
C1COCCN1CC2=CC=C(C=C2)C(=O)NCC3=NC(=NO3)C4=CC=C(C=C4)Cl;;;;;;
COC1=CC=C(C=C1)[C@H]2[C@@H]([C@@H]2S(=O)(=O)C)N;;;;;;
CC(C)(C)OC(=O)N[C@@]1([C@@H]([C@@H]1S(=O)(=O)C)C2=CC=C(C=C2)OC)C=O;;;;;;
CN(CC1=NC(=NO1)C2=CC=C(C=C2)Cl)C(=O)C3=CC=C(C=C3)CN4CCOCC4;;;;;;
CN(CC1=CC=C(C=C1)OC)C(=O)C2=CC=C(C=C2)CN3CCC4=CC=CC=C4C3;;;;;;
C1C[C@@H](CN(C1)C(=O)COCC(C(F)F)(F)F)C(=O)C2=CC=CC=N2;;;;;;
COC1=C(C(=C2[C@@H](CC(=O)OC2=C1)C3=CC4=CC=CC=C4NC3=O)OC)OC;;;;;;
CCOC[C@@]1([C@H]([C@@H]1S(=O)(=O)C)C2=CC=C(C=C2)OC)C(=S)N;;;;;;
C1[C@H]2CN(C[C@@H]1C3=CC=CC(=O)N3C2)CC4=C(C=CC5=C4C(=CO5)C(=O)C6=CC=CO6)O;;;;;;
COC(=O)C[C@H](C1=CC2=C(C=C1)OCO2)C3=CC4=C(C=C3O)OCO4;;;;;;
COC(=O)C[C@@H](C1=CC2=C(C=C1)OCO2)C3=CC4=C(C=C3O)OCO4;;;;;;
CN1C(=NC=N1)[C@H](C2CC2)NC(=O)C3=CC(=CC=C3)OC4=CC=CC=C4;;;;;;
CC1=CC2=C([C@H](CC(=O)O2)C3=CC=CC=C3OCC(=O)OC)C(=O)O1;;;;;;
C1=CC=C(C=C1)SCCC(=O)NCCCC2=CC=CC=C2Cl;;;;;;
COC(=O)C[C@H](C1=CSC=C1)C2=C(C(=O)C(=C(C2=O)O)[C@@H](CC(=O)OC)C3=CSC=C3)O;;;;;;
COC1=CC=CC=C1CCCNC(=O)CCSC2=CC=CC=C2;;;;;;
CCOC1=C(C=CC(=C1)[C@H](CC(=O)OC)C2=C(C(=O)C=C(O2)CN3C[C@@H]4C[C@H](C3)C5=CC=CC(=O)N5C4)O)O;;;;;;
CCOC(=O)[C@]1([C@H]([C@@H]1S(=O)(=O)CC)C2=CC=C(C=C2)OC)C#N;;;;;;
COC1=CC=C(C=C1)CCCNC(=O)CCSC2=CC=CC=C2;;;;;;
CCOC(=O)[C@@]1([C@H]([C@@H]1S(=O)(=O)CC)C2=CC=C(C=C2)OC)C#N;;;;;;
COC1=CC(=CC(=C1OC)OC)[C@@H]2CC(=O)OC3=C2C4=C(C=C3)C(=O)/C(=C\\C5=CC(=C(C=C5OC)OC)OC)/O4;;;;;;
CC1=CC=C(C=C1)OCCNC(=O)CCSC2=CC=CC=C2;;;;;;
COC1=C(C(=C2[C@H](CC(=O)OC2=C1)C3=CC=CC4=CC=CC=C43)OC)OC;;;;;;
CCS(=O)(=O)[C@@H]1[C@@H]([C@@]1(C#N)C(=O)O)C2=CC=C(C=C2)OC;;;;;;
CC1=CC(=O)OC2=C3[C@@H](CC(=O)OC3=C(C(=C12)O)C(=O)C)C4=CC(=C(C=C4)OC)OCC(=O)N;;;;;;
C1C[C@H](OC1)CN(CC2=CC=CC=N2)C(=O)C3=CC=CC(=C3)C4=CC=CO4;;;;;;
CC1CCN(CC1)C2=CC=C(C=C2)[C@@H](C)NC(=O)CCSC3=CC=CC=C3;;;;;;
C[C@@H]1CCCN(C1)C2=CC=C(C=C2)[C@@H](C)NC(=O)CCSC3=CC=CC=C3;;;;;;
COC1=CC(=CC(=C1O)OC)[C@H](CC(=O)OC)C2=C(C(=CNC2=O)C(=O)OC)O;;;;;;
CC1=CC2=C(C=C1)OC(C[C@@H]2NC(=O)CCSC3=CC=CC=C3)(C)C;;;;;;
COC(=O)C[C@@H](C1=CC=C(O1)C2=CC=C(C=C2)C(=O)O)C3=C(C(=CNC3=O)C(=O)OC)O;;;;;;
CC1=CC2=C(C=C1)OC(C[C@H]2NC(=O)CCSC3=CC=CC=C3)(C)C;;;;;;
CC1=CC2=C(C=C1)[C@H](CC(O2)(C)C)NC(=O)CCSC3=CC=CC=C3;;;;;;
CC1=CC2=C(C=C1)[C@@H](CC(O2)(C)C)NC(=O)CCSC3=CC=CC=C3;;;;;;
CC(=C)COC1=C(C=C(C=C1)[C@@H](CC(=O)OC)C2=C(C3=CC=CC=C3OC2=O)O)OC;;;;;;
CC1(C[C@H](C2=C(O1)C=CC(=C2)OC)NC(=O)CCSC3=CC=CC=C3)C;;;;;;
CCOC(=O)C1([C@H]([C@@H]1S(=O)(=O)CC)C2=CC=C(C=C2)OC)C(=O)OCC;;;;;;
CC(=O)NC1=C2C=CN(C2=CC=C1)CC(=O)N3CCCC[C@H]3C4=CN=CC=C4;;;;;;
CC1=C(C=C(C=C1)[C@@H](C)NC(=O)CCSC2=CC=CC=C2)C;;;;;;
CCOC(=O)[C@@]1([C@@H]([C@@H]1S(=O)(=O)CC)C2=CC=C(C=C2)OC)CN;;;;;;
CC1=C(C=C(C=C1)[C@H](C)NC(=O)CCSC2=CC=CC=C2)C;;;;;;
CC1=CC2=C([C@@H](CC(=O)O2)C3=CC4=C(C=C3)OCCO4)C(=O)N1CCC5=CC=C(C=C5)O;;;;;;
CCOC(=O)[C@]1([C@H]([C@@H]1S(=O)(=O)CC)C2=CC=C(C=C2)OC)CN;;;;;;
CC[C@H](C1=CC(=C(C=C1)C)C)NC(=O)CCSC2=CC=CC=C2;;;;;;
CCOC(=O)[C@@]1([C@H]([C@@H]1S(=O)(=O)CC)C2=CC=C(C=C2)OC)CN;;;;;;
CN(CCC[C@H]1CCCO1)C(=O)CC2=CN=CC=C2;;;;;;
CCOC(=O)[C@]1([C@@H]([C@@H]1S(=O)(=O)CC)C2=CC=C(C=C2)OC)N;;;;;;
CCOC(=O)[C@]1([C@H]([C@@H]1S(=O)(=O)CC)C2=CC=C(C=C2)OC)N;;;;;;
C1CC1[C@@H](C2=NN3CCN(CC3=C2)C(=O)C4=CC(=CC=C4)OC(F)F)O;;;;;;
CN1CCN(CC1)CC2=C(C=CC3=C2C(=CO3)C(=O)C4=CC(=C(C=C4)OC)OC)O;;;;;;
CCOC(=O)[C@@]1([C@H]([C@@H]1S(=O)(=O)CC)C2=CC=C(C=C2)OC)N;;;;;;
C1CCN2CCC[C@H]([C@H]2C1)CSC3=NC=C(C=C3)NC(=O)C4=CC=C(C=C4)Cl;;;;;;
CCS(=O)(=O)[C@@H]1[C@H](C1(CN)CN)C2=CC=C(C=C2)OC;;;;;;
CC1=NC(=NC=C1C(=O)N2CC[C@@H]2C3=CC=C(C=C3)F)N;;;;;;
CC1=NC(=NC=C1C(=O)N2CC[C@H]2C3=CC=C(C=C3)F)N;;;;;;
CC(C)(C(=O)N1C[C@@H]2C[C@H](C1)C3=CC=CC(=O)N3C2)OC4=CC=C(C=C4)[C@@H]5CC5(Cl)Cl;;;;;;
CCS(=O)(=O)[C@H]1[C@@H](C1(CN)CN)C2=CC=C(C=C2)OC;;;;;;
CC[C@@H](C1=CC(=C(C=C1)C)C)NC(=O)CCSC2=CC=CC=C2;;;;;;
C1[C@H]2CN(C[C@@H]1C3=CC=CC(=O)N3C2)C(=O)[C@H]4CC(=O)N(C4)CC5=CC=CC=C5;;;;;;
C1[C@H]2CN(C[C@@H]1C3=CC=CC(=O)N3C2)C(=O)[C@@H]4CC(=O)N(C4)CC5=CC=CC=C5;;;;;;
CC[C@@H](C1=C(C=C(C=C1)C)C)NC(=O)CCSC2=CC=CC=C2;;;;;;
CCS(=O)(=O)[C@H]1[C@@H]([C@@]1(CN)CO)C2=CC=C(C=C2)OC;;;;;;
CC1=CC2=C([C@@H](CC(=O)O2)C3=COC4=C(C3=O)C=C(C=C4)Cl)C(=O)N1CCC5=CC=C(C=C5)O;;;;;;
CC1=CC(=C(C=C1)C)CC(=O)N[C@@H](C2=CN=CC=C2)C(C)C;;;;;;
CC[C@@H](C1=CC(=C(C=C1)OC)OC)NC(=O)CCSC2=CC=CC=C2;;;;;;
CC[C@H](C1=CC=C(C=C1)S(=O)(=O)C)NC(=O)CCSC2=CC=CC=C2;;;;;;
CCS(=O)(=O)[C@@H]1[C@@H]([C@@]1(CN)C(=O)O)C2=CC=C(C=C2)OC;;;;;;
CC1=CC(=CC=C1)C2=NOC(=N2)CNC(=O)CCSC3=CC=CC=C3;;;;;;
CCS(=O)(=O)[C@@H]1[C@H]([C@]1(CN)N)C2=CC=C(C=C2)OC;;;;;;
CCS(=O)(=O)[C@@H]1[C@@H]([C@]1(CN)N)C2=CC=C(C=C2)OC;;;;;;
CC(C)C1=NN=C(S1)N2CCN3C(=CC(=N3)[C@H](C4=NC=CN4C)O)C2;;;;;;
CC1=CC=C(C=C1)C2=NOC(=N2)CN(C)C(=O)CCSC3=CC=CC=C3;;;;;;
COC1=CC=C(C=C1)N2C[C@@H](CC2=O)C(=O)N3CCCC[C@H]3C4=CN=CC=C4;;;;;;
COC1=CC=C(C=C1)N2C[C@H](CC2=O)C(=O)N3CCCC[C@H]3C4=CN=CC=C4;;;;;;
CCOC[C@]1([C@@H]([C@@H]1S(=O)(=O)CC)C2=CC=C(C=C2)OC)CN;;;;;;
CCOC[C@@]1([C@H]([C@@H]1S(=O)(=O)CC)C2=CC=C(C=C2)OC)CN;;;;;;
C[C@H](C1=NN=C(S1)N)NC(=O)CC2=CC=CC=C2C(F)(F)F;;;;;;
COC1=CC(=CC2=C1OCCO2)[C@@H]3CC(=O)OC4=C3C5=C(C=C4)C(=O)CC6(O5)CCCCC6;;;;;;
COC1=CC(=CC2=C1OCCO2)[C@H]3CC(=O)OC4=C3C5=C(C=C4)C(=O)CC6(O5)CCCCC6;;;;;;
CN1C=CC=C1/C=C/2\\C(=O)C3=C(O2)C=C(C=C3)OCC(=O)C4=C(C=CC(=C4)OC)OC;;;;;;
CCS(=O)(=O)[C@H]1[C@@H]([C@@H]1C2=CC=C(C=C2)OC)CN;;;;;;
C1[C@H]2CN(C[C@@H]1C3=CC=CC(=O)N3C2)C(=O)CN4CC5=CC=CC=C5C4=O;;;;;;
CN1C=C(C=N1)[C@@H](C2CC(C2)O)NC(=O)CCC3=CSC=C3;;;;;;
CCS(=O)(=O)[C@H]1[C@H]([C@@]1(CO)C(=O)O)C2=CC=C(C=C2)OC;;;;;;
CCS(=O)(=O)[C@@H]1[C@@H]([C@]1(CO)N)C2=CC=C(C=C2)OC;;;;;;
CCS(=O)(=O)[C@H]1[C@@H]([C@]1(CO)N)C2=CC=C(C=C2)OC;;;;;;
CCS(=O)(=O)[C@@H]1[C@H]([C@@H]1C2=CC=C(C=C2)OC)CO;;;;;;
COC1=CC=C(C=C1)CCCNC(=O)CCSC2=CC=C(C=C2)Cl;;;;;;
CCN1C=C(C=N1)S(=O)(=O)N[C@H](C2CC(C2)O)C3=CC4=C(C=C3)OCC4;;;;;;
CC1=CC2=C(C=C1)NC(=O)C(=C2)[C@@H]3CC(=O)OC4=C3C(=O)N(C(=C4)C)CCC5=CC=C(C=C5)O;;;;;;
CCOC1=CC=C(C=C1)CCCNC(=O)CCSC2=CC=C(C=C2)Cl;;;;;;
CCC1=NC=CN1CCC(=O)N[C@H](C2CC(C2)O)C3=CC=CC=N3;;;;;;
CC1=CC(=O)OC2=C3[C@@H](CC(=O)OC3=C(C(=C12)O)C(=O)C)C4=CC(=C(C=C4)OC)O;;;;;;
CC1=C(C=CC(=C1)C(=O)N(C)[C@@H](C)C2=NC=NC=C2)Cl;;;;;;
CN1C=CC=C1CNC(=O)C2=CC=CC=C2NC(=O)N3C[C@@H]4C[C@H](C3)C5=CC=CC(=O)N5C4;;;;;;
CCOC[C@]1([C@@H]([C@@H]1S(=O)(=O)CC)C2=CC=C(C=C2)OC)C(=S)N;;;;;;
COC1=C(C=C(C=C1)[C@H](C2CC(C2)O)NC3=C(C=CC=N3)C(=O)N)F;;;;;;
COC(=O)C[C@H](C1=CC2=C(C(=C1)Cl)OCO2)C3=C(C(=CNC3=O)C(=O)OC)O;;;;;;
COC1=C(C=C(C=C1)[C@@H](C2CC(C2)O)NC3=C(C=CC=N3)C(=O)N)F;;;;;;
CC(C)C1=CC=C(C=C1)N2C(=O)[C@@H](NC2=O)CC(=O)N3CCC4=CC(=C(C=C4C3)OC)OC;;;;;;
CCS(=O)(=O)[C@H]1[C@H]([C@H]1C(=S)N)C2=CC=C(C=C2)OC;;;;;;
COC1=CC(=C(C=C1/C=C/2\\C(=O)C3=C(O2)C4=C(C=C3)OC(=O)C[C@H]4C5=CC6=C(C=C5)OCO6)OC)OC;;;;;;
CC1=CC(=CC=C1)C2=NOC(=N2)CNC(=O)CCSC3=CC=C(C=C3)Cl;;;;;;
CCS(=O)(=O)[C@@H]1[C@H]([C@@H]1C(=S)N)C2=CC=C(C=C2)OC;;;;;;
CC1=C(C(=NN1CC(=O)N[C@H](C2=CC=CC=C2)C3=NC=CN3C)C)C(=O)C;;;;;;
CN(C)C(=O)C[C@H](C1=NN2CCN(CC2=C1)C(=O)CN3CCCCCC3)O;;;;;;
COC1=CC=C(C=C1)[C@@H]2[C@@H](C2(C#N)C#N)S(=O)(=O)C3=CC=CC=C3;;;;;;
CN(C)C(=O)C[C@@H](C1=NN2CCN(CC2=C1)C(=O)CN3CCCCCC3)O;;;;;;
CN(CC1=NC(=NO1)C2=CC=CC=C2)C(=O)CCSC3=CC=C(C=C3)Cl;;;;;;
COC1=C(C=C(C=C1)C(=O)C2=COC3=C2C(=C(C=C3)O)CN4CCCCCC4)OC;;;;;;
COC[C@H](C1=CC=CC=N1)NC(=O)C2=CN=C(C=C2)N;;;;;;
CCOC(=O)[C@@]1([C@@H]([C@@H]1S(=O)(=O)C2=CC=CC=C2)C3=CC=C(C=C3)OC)C#N;;;;;;
CN(CC1=NC(=NO1)C2=CC=C(C=C2)Cl)C(=O)CCSC3=CC=C(C=C3)Cl;;;;;;
C1COC[C@@H]1CCCNC(=O)C2=CC=CC=C2C#N;;;;;;
CC(C)OC1=CC=CC=C1[C@@H]2CC(=O)OC3=C2C4=C(C=C3)C(=O)/C(=C/C5=C(C(=CC=C5)OC)OC)/O4;;;;;;
COC1=CC=C(C=C1)[C@@H]2[C@H]([C@@]2(C#N)C(=O)O)S(=O)(=O)C3=CC=CC=C3;;;;;;
CC1=CC(=O)OC2=C3[C@H](CC(=O)OC3=C(C(=C12)O)C(=O)C)C4=CC=C(C=C4)C(=O)OC;;;;;;
CC1=CC(=C(C=C1)C)[C@@H](C)NC(=O)C2=CC=C(C=C2)[C@@H]3N(C(=O)CS3)CC4=CC=CC=C4;;;;;;
COC1=CC=C(C=C1)[C@@H]2[C@@H]([C@]2(C#N)N)S(=O)(=O)C3=CC=CC=C3;;;;;;
COC1=C(C=C(C=C1)[C@@H]2CC(=O)OC3=C2C4=C(C=C3)C(=O)CC5(O4)CCCCC5)OCC(=O)N;;;;;;
CC1=CC(=C(C=C1)C)[C@H](C)NC(=O)C2=CC=C(C=C2)[C@@H]3N(C(=O)CS3)CC4=CC=CC=C4;;;;;;
COC1=C(C=C(C=C1)[C@H]2CC(=O)OC3=C2C4=C(C=C3)C(=O)CC5(O4)CCCCC5)OCC(=O)N;;;;;;
COC1=CC=C(C=C1)[C@@H]2[C@H]([C@]2(C#N)N)S(=O)(=O)C3=CC=CC=C3;;;;;;
C1C(=O)N([C@@H](S1)C2=CC=C(C=C2)C(=O)NCCCC3=CC=C(C=C3)F)CC4=CC=CC=C4;;;;;;
C1C(=O)N([C@H](S1)C2=CC=C(C=C2)C(=O)NCCCC3=CC=C(C=C3)F)CC4=CC=CC=C4;;;;;;
CC1=CC=C(C=C1)OCCNC(=O)C2=CC=C(C=C2)[C@H]3N(C(=O)CS3)CC4=CC=CC=C4;;;;;;
COC1=CC=C(C=C1)/C=C/2\\C(=O)C3=C(O2)C4=C(C=C3)OC(=O)C[C@H]4C5=CC6=CC=CC=C6NC5=O;;;;;;
CN(CCNC(=O)C1=CC=C(C=C1)[C@@H]2N(C(=O)CS2)CC3=CC=CC=C3)C4=CC=CC=C4;;;;;;
COCCN(C[C@@H]1CCCO1)C(=O)C2=C(C(=NN2)N)Cl;;;;;;
CC(C)[C@@H](CO)NC(=O)C1=CNC(=O)C2=CC=CC=C21;;;;;;
CN1CCC(CC1)NC(=O)C2=CC=C(C=C2)[C@H]3N(C(=O)CS3)CC4=CC=CC=C4;;;;;;
CN1CCC(CC1)NC(=O)C2=CC=C(C=C2)[C@@H]3N(C(=O)CS3)CC4=CC=CC=C4;;;;;;
COC1=CC=C(C=C1)[C@@H]2[C@@H]([C@@H]2S(=O)(=O)C3=CC=CC=C3)C#N;;;;;;
COC1=CC=CC=C1NC(=O)/C(=C/C2=CC=CO2)/C3=CC=CC=C3;;;;;;
CC1=CC=C(O1)[C@@H](C2=C(N3C(=NC(=N3)C)S2)O)N4C[C@@H]5C[C@H](C4)C6=CC=CC(=O)N6C5;;;;;;
CCOC(=O)C1([C@@H]([C@H]1S(=O)(=O)C2=CC=CC=C2)C3=CC=C(C=C3)OC)C(=O)OCC;;;;;;
C1=CC=C(C=C1)/C(=C\\C2=CC=CO2)/C(=O)NCCSC3=CC=C(C=C3)Cl;;;;;;
C1COCCN1CC2=CC(=O)C(=C(O2)[C@@H](CC(=O)N)C3=CC=NC4=CC=CC=C34)O;;;;;;
C1=CC=C(C=C1)CSCCNC(=O)/C(=C/C2=CC=CO2)/C3=CC=CC=C3;;;;;;
C1COCCN1CC2=CC(=O)C(=C(O2)[C@H](CC(=O)N)C3=CC=NC4=CC=CC=C34)O;;;;;;
COC1=CC=C(C=C1)[C@@H]2[C@@H](C2(CN)CN)S(=O)(=O)C3=CC=CC=C3;;;;;;
COC1=CC=C(C=C1)[C@H]2[C@@H](C2(CN)CN)S(=O)(=O)C3=CC=CC=C3;;;;;;
CCN1C=C(C(=O)C2=CC3=C(C=C21)OCO3)C(=O)N4CCCC5=C[C@H]6C[C@@H]([C@H]54)CN7[C@H]6CCCC7;;;;;;
COC1=CC=C(C=C1)[C@@H]2[C@H]([C@]2(CN)N)S(=O)(=O)C3=CC=CC=C3;;;;;;
COC1=CC=C(C=C1)[C@H]2[C@H]([C@]2(CN)N)S(=O)(=O)C3=CC=CC=C3;;;;;;
C1C(CC1O)[C@@H](CC2=CC=CC=N2)NC(=O)CCCN3C=CC=N3;;;;;;
COC1=CC(=CC2=C1OCO2)[C@@H](CC(=O)OC)C3=C(C(=O)C=C(O3)CN4C[C@@H]5C[C@H](C4)C6=CC=CC(=O)N6C5)O;;;;;;
COC1=C(C=C(C=C1)Cl)NC(=O)/C(=C/C2=CC=CO2)/C3=CC=CC=C3;;;;;;
COC[C@]1([C@@H]([C@@H]1S(=O)(=O)C2=CC=CC=C2)C3=CC=C(C=C3)OC)CN;;;;;;
CC1=CC=CC=C1C2=CC=CC(=C2)CN3CCCN4C(=CC(=N4)[C@@H](C)O)C3;;;;;;
COC1=C(C=C(C=C1)C(=O)C2=COC3=C2C(=C(C=C3)O)CN4CCN(CC4)C5=CC=CC=C5)OC;;;;;;
C1=CC=C(C=C1)/C(=C\\C2=CC=CO2)/C(=O)NC3=CC=C(C=C3)CC#N;;;;;;
CN1C=C(C=N1)[C@@H](C2CC(C2)O)NC(=O)C3=CC(=NN3)C4=CC=CC=C4F;;;;;;
CC1=C(C(=O)N(N1C)C2=CC=CC=C2)NC(=O)/C(=C/C3=CC=CO3)/C4=CC=CC=C4;;;;;;
COC1=CC=C(C=C1)[C@@H]2[C@H]([C@@H]2S(=O)(=O)C3=CC=CC=C3)CN;;;;;;
COC1=C(C=C(C=C1)NC(=O)/C(=C/C2=CC=CO2)/C3=CC=CC=C3)Cl;;;;;;
CCN1C(=C(C(=N1)C)C(=O)N[C@@H](CC2=CC=NC=C2)C3CC(C3)O)C;;;;;;
CC1=CC(=C2C(=C1)C=C(C(=O)N2)[C@@H]3CC(=O)OC4=CC(=C(C(=C34)OC)OC)OC)C;;;;;;
COC(=O)C[C@H](C1=CC2=C(C=C1)OCO2)C3=C(C(=O)C=C(O3)CN4C[C@@H]5C[C@H](C4)C6=CC=CC(=O)N6C5)O;;;;;;
COC1=CC=C(C=C1)N2CCN(CC2)C(=O)/C(=C/C3=CC=CO3)/C4=CC=CC=C4;;;;;;
C[C@H](C1=NN=CN1C2CCCC2)NC(=O)C3=CC=CC=C3OC(F)F;;;;;;
COC1=CC=C(C=C1)[C@@H]2[C@H]([C@@]2(CO)C(=O)O)S(=O)(=O)C3=CC=CC=C3;;;;;;
COC1=C(C=C(C=C1)[C@H](CC(=O)OC)C2=C(C(=O)C(=C(C2=O)O)[C@@H](CC(=O)OC)C3=CC(=C(C=C3)OC)OCC(=O)N)O)OCC(=O)N;;;;;;
CC1=CC(=CC=C1)CSCCNC(=O)/C(=C/C2=CC=CO2)/C3=CC=CC=C3;;;;;;
COC1=CC=C(C=C1)[C@H]2[C@@H]([C@]2(CO)N)S(=O)(=O)C3=CC=CC=C3;;;;;;
CC(=O)OC1=C(C=C(C=C1OC)[C@H]2CC(=O)OC3=C2C4=C(C=C3)C(=O)/C(=C\\C5=CC(=C(C=C5OC)OC)OC)/O4)OC;;;;;;
COC(=O)C[C@H](C1=CC=C(C=C1)O)C2=C(C(=O)C=C(O2)CN3C[C@@H]4C[C@H](C3)C5=CC=CC(=O)N5C4)O;;;;;;
CC1=C(C=C(C=C1)C(=O)OC)NC(=O)/C(=C/C2=CC=CO2)/C3=CC=CC=C3;;;;;;
COC1=CC=C(C=C1)[C@H]2[C@H]([C@]2(CO)N)S(=O)(=O)C3=CC=CC=C3;;;;;;
COC[C@]1([C@@H]([C@@H]1S(=O)(=O)C2=CC=CC=C2)C3=CC=C(C=C3)OC)C(=O)O;;;;;;
CC(C)C1=NOC(=N1)[C@@H]2CCCN(C2)C(=O)CN(C)CC3=CC=CC=N3;;;;;;
CCS(=O)(=O)NC1=CC=C(C=C1)C(=O)N[C@@H](C)C2=NN=C(O2)C(C)C;;;;;;
CC1=CC2=C(C=C1)C=C(C(=O)N2)[C@H]3CC(=O)OC4=C3C(=O)OC(=C4)C;;;;;;
C1CN(C[C@@H]1NC(=O)NC2=CC=CS2)C3=CC=CC=N3;;;;;;
C1CCN(C1)C(=O)C2=CC=CC=C2NC(=O)/C(=C/C3=CC=CO3)/C4=CC=CC=C4;;;;;;
CCS(=O)(=O)NC1=CC=C(C=C1)C(=O)N[C@H](C)C2=NN=C(O2)C(C)C;;;;;;
C1=CC=C(C=C1)CNC(=O)C2=CC=CC=C2NC(=O)/C(=C/C3=CC=CO3)/C4=CC=CC=C4;;;;;;
C1=CC=C(C=C1)/C(=C\\C2=CC=CO2)/C(=O)NC3=CC=CC=C3C(=O)N;;;;;;
COC[C@]1([C@H]([C@@H]1S(=O)(=O)C2=CC=CC=C2)C3=CC=C(C=C3)OC)N;;;;;;
COC1=CC=CC(=C1OC)/C=C\\2/C(=O)C3=C(O2)C=C(C=C3)OCC4=CC=C(O4)C(=O)OC;;;;;;
C1CN(CCN1C(=O)/C(=C/C2=CC=CO2)/C3=CC=CC=C3)S(=O)(=O)C4=CC=CC=C4;;;;;;
COC(=O)C[C@H](C1=CC=CC=C1)C2=C(C(=CNC2=O)C(=O)OC)O;;;;;;
COC(=O)C[C@@H](C1=CC=CC=C1)C2=C(C(=CNC2=O)C(=O)OC)O;;;;;;
CCOC[C@]1([C@H]([C@@H]1S(=O)(=O)C2=CC=CC=C2)C3=CC=C(C=C3)OC)N;;;;;;
C1CCN([C@@H](C1)C2=CN=CC=C2)C(=O)COC3=CC4=C(CCC(=O)N4)C=C3;;;;;;
CCOC[C@@]1([C@H]([C@@H]1S(=O)(=O)C2=CC=CC=C2)C3=CC=C(C=C3)OC)N;;;;;;
CC[C@H]1CCCCN1CC(=O)N(C)CC2=NC=CN=C2;;;;;;
CCOC1=C(C=C(C=C1)CNC(=O)/C(=C/C2=CC=CO2)/C3=CC=CC=C3)OCC;;;;;;
COC(=O)C[C@@H](C1=CC=C(C=C1)C(=O)OC)C2=C(C(=O)C=C(O2)CN3C[C@@H]4C[C@H](C3)C5=CC=CC(=O)N5C4)O;;;;;;
C1CC(=O)NN=C1C(=O)N[C@H](C2CC(C2)O)C3=CC=C(C=C3)F;;;;;;
CC(C)(C)OC(=O)N[C@@]1([C@@H]([C@@H]1S(=O)(=O)C2=CC=CC=C2)C3=CC=C(C=C3)OC)C=O;;;;;;
COC[C@@]1([C@@H]([C@@H]1S(=O)(=O)C2=CC=CC=C2)C3=CC=C(C=C3)OC)C(=S)N;;;;;;
COC[C@@]1([C@H]([C@@H]1S(=O)(=O)C2=CC=CC=C2)C3=CC=C(C=C3)OC)C(=S)N;;;;;;
C1CN2C(=CC(=N2)[C@H](CO)O)CN1CC3=CC=C(C=C3)OC4=CC=CC=C4;;;;;;
C[C@@H](COC1=CC=C(C=C1)OC)NC(=O)/C(=C/C2=CC=CO2)/C3=CC=CC=C3;;;;;;
CCOC[C@]1([C@H]([C@@H]1S(=O)(=O)C2=CC=CC=C2)C3=CC=C(C=C3)OC)C(=S)N;;;;;;
COC1=CC=C(C=C1)[C@@H]2[C@@H]([C@@H]2S(=O)(=O)C3=CC=CC=C3)C(=S)N;;;;;;
CC1=CC(=O)OC2=C3[C@@H](CC(=O)OC3=C(C(=C12)O)C(=O)C)CC(C)C;;;;;;
COC1=CC=C(C=C1)[C@H]2[C@H]([C@@H]2S(=O)(=O)C3=CC=CC=C3)C(=S)N;;;;;;
CC(C)C1CCC(CC1)C(=O)N[C@@H](CC2=CC=CC=C2)C(=O)N3CCCC[C@H]3C4=CN=CC=C4;;;;;;
CC1=CC=C(C=C1)S(=O)(=O)[C@H]2[C@@H](C2(C#N)C#N)C3=CC=C(C=C3)OC;;;;;;
CCOC1=CC=C(C=C1)CCCNC(=O)/C(=C/C2=CC=CO2)/C3=CC=CC=C3;;;;;;
C1[C@H]2CN(C[C@@H]1C3=CC=CC(=O)N3C2)C(=O)C4=CC(=NN4)C5=CSC=C5;;;;;;
CC1=CC=C(C=C1)OC[C@@H](C)NC(=O)/C(=C/C2=CC=CO2)/C3=CC=CC=C3;;;;;;
CC1=CC2=C([C@H](CC(=O)O2)C3=CC4=CC5=C(C=C4NC3=O)OCCO5)C(=O)N1CCC6=CC=C(C=C6)O;;;;;;
CC1=CC(=C(C(=O)O1)[C@H](CC(=O)OC)C2=CC(=C(C=C2)OC)OC)O;;;;;;
CC1CCN(CC1)C2=CC=C(C=C2)[C@H](C)NC(=O)/C(=C/C3=CC=CO3)/C4=CC=CC=C4;;;;;;
CC[C@@H](C1CC(C1)O)NC(=O)C2=CC=C(C=C2)N(C)CCO;;;;;;
CN1C2=CC=CC=C2C=C1C(=O)N3CCCC[C@H]3C4=CN=CC=C4;;;;;;
C[C@@H]1CCCN(C1)C2=CC=C(C=C2)[C@@H](C)NC(=O)/C(=C/C3=CC=CO3)/C4=CC=CC=C4;;;;;;
C[C@@H](C1CCN(CC1)C(=O)CN2C=CC(=O)C=C2)N3CCCC3;;;;;;
C[C@H](C1CCN(CC1)C(=O)CN2C=CC(=O)C=C2)N3CCCC3;;;;;;
CC1=CC2=C([C@H](CC(=O)O2)C3=CC=C(C=C3)OC)C(=O)O1;;;;;;
CC1=CC=C(C=C1)S(=O)(=O)[C@H]2[C@H]([C@]2(C#N)C(=O)O)C3=CC=C(C=C3)OC;;;;;;
CC1(C[C@@H](C2=C(O1)C=CC(=C2)OC)NC(=O)/C(=C/C3=CC=CO3)/C4=CC=CC=C4)C;;;;;;
CC1(C[C@H](C2=C(O1)C=CC(=C2)OC)NC(=O)/C(=C/C3=CC=CO3)/C4=CC=CC=C4)C;;;;;;
COC1=NC=C(C=C1)[C@H](C2CC(C2)O)NC(=O)C3=NN4C=CC=NC4=C3;;;;;;
C1[C@H](C2=C(C=CC3=C2O/C(=C/C4=CN=CC=C4)/C3=O)OC1=O)C5=CC6=CC=CC=C6NC5=O;;;;;;
C1[C@H]2C[C@H]([C@@H]1C=C2)CNC(=O)CCC3=NC(=NO3)C4=CC=NC=C4;;;;;;
C1[C@@H]2C[C@H]([C@@H]1C=C2)CNC(=O)CCC3=NC(=NO3)C4=CC=NC=C4;;;;;;
CC1=C(C=C(C=C1)[C@H](C)NC(=O)/C(=C/C2=CC=CO2)/C3=CC=CC=C3)C;;;;;;
CC1=CC=C(C=C1)S(=O)(=O)[C@@H]2[C@@H]([C@@]2(C#N)N)C3=CC=C(C=C3)OC;;;;;;
C1CCN([C@@H](C1)C2=CN=CC=C2)C(=O)CC3=CSC(=N3)N4C=CC=C4;;;;;;
CC[C@H](C1=CC=C(C=C1)S(=O)(=O)C)NC(=O)/C(=C/C2=CC=CO2)/C3=CC=CC=C3;;;;;;
CCOC[C@@]1([C@H]([C@@H]1S(=O)(=O)C2=CC=C(C=C2)C)C3=CC=C(C=C3)OC)C#N;;;;;;
CC1=CC=C(C=C1)S(=O)(=O)[C@H]2[C@@H]([C@@H]2C3=CC=C(C=C3)OC)C#N;;;;;;
CC1=CC=C(C=C1)S(=O)(=O)[C@H]2[C@H]([C@@H]2C3=CC=C(C=C3)OC)C#N;;;;;;
CCOC(=O)C1([C@H]([C@@H]1S(=O)(=O)C2=CC=C(C=C2)C)C3=CC=C(C=C3)OC)C(=O)OCC;;;;;;
CC[C@H](C1CC(C1)O)NC(=O)C2=CC=CC(=C2)C3=CC=C(O3)C;;;;;;
CCOC(=O)[C@@]1([C@@H]([C@@H]1S(=O)(=O)C2=CC=C(C=C2)C)C3=CC=C(C=C3)OC)CN;;;;;;
CN1C=C(C=N1)[C@H](C2CC(C2)O)NC(=O)CN3CCCCCC3;;;;;;
CCOC(=O)[C@]1([C@H]([C@@H]1S(=O)(=O)C2=CC=C(C=C2)C)C3=CC=C(C=C3)OC)CN;;;;;;
CC1=CC=C(C=C1)S(=O)(=O)[C@H]2[C@@H]([C@@]2(CO)N)C3=CC=C(C=C3)OC;;;;;;
CC1=CC(=O)OC2=C3[C@@H](CC(=O)OC3=C(C(=C12)O)C(=O)C)C4=CC5=C(C=C4)N=CC=C5;;;;;;
C[C@H](C1=CC=CC=C1N2C=CC=N2)NC(=O)CSC3=CC=CC=N3;;;;;;
COC1=CC(=CC2=C1OCCO2)[C@H](CC(=O)OC)C3=C(C(=CNC3=O)C(=O)OC)O;;;;;;
CC1=CC=C(C=C1)S(=O)(=O)[C@H]2[C@@H]([C@@H]2C3=CC=C(C=C3)OC)CO;;;;;;
CC1=CC=C(C=C1)S(=O)(=O)[C@H]2[C@H]([C@H]2C3=CC=C(C=C3)OC)CO;;;;;;
COC(=O)C[C@@H](C1=CC=C(C=C1)O)C2=C(C(=CNC2=O)C(=O)OC)O;;;;;;
COC1=CC=C(C=C1)CSCC(=O)NC2=CC=CC=C2C(=O)NC3CCCCC3;;;;;;
COC1=CC=C(C=C1)CSCC(=O)NC2=CC=CC=C2C(=O)N3CCCC3;;;;;;
COC1=CC=C(C=C1)CSCC(=O)NC2=CC=CC=C2C(=O)NCC3=CC=CC=C3;;;;;;
CC1=CC=C(C=C1)S(=O)(=O)[C@H]2[C@H]([C@]2(COC)C(=O)O)C3=CC=C(C=C3)OC;;;;;;
CC(=C)COC1=CC=CC=C1[C@@H]2CC(=O)OC3=C2C4=C(C=C3)C(=O)/C(=C/C5=CN=CC=C5)/O4;;;;;;
COC1=CC=C(C=C1)CSCC(=O)NCC2=C(C(=C(C=C2)OC)OC)OC;;;;;;
CC1=CC=C(C=C1)S(=O)(=O)[C@H]2[C@@H]([C@@]2(COC)C(=O)O)C3=CC=C(C=C3)OC;;;;;;
CCOC1=C(C=C(C=C1)CNC(=O)CSCC2=CC=C(C=C2)OC)OCC;;;;;;
CC1=CC=C(C=C1)S(=O)(=O)[C@@H]2[C@@H]([C@H]2C(=O)O)C3=CC=C(C=C3)OC;;;;;;
CC1=CC=C(C=C1)S(=O)(=O)[C@H]2[C@H]([C@]2(COC)N)C3=CC=C(C=C3)OC;;;;;;
C1C(CC1O)[C@H](C2=CC=CS2)NC(=O)C3=C(C=NC=C3)F;;;;;;
C[C@H](COC1=CC=C(C=C1)OC)NC(=O)CSCC2=CC=C(C=C2)OC;;;;;;
C1CC1[C@H](C2=NN3CCN(CC3=C2)C(=O)C4=C5C(=CC=C4)OCCO5)O;;;;;;
COC1=CC(=CC(=C1OC)OC)[C@H](CC(=O)OC)C2=C(C(=O)C(=C(C2=O)O)[C@@H](CC(=O)OC)C3=CC(=C(C(=C3)OC)OC)OC)O;;;;;;
CC1=CC=C(C=C1)S(=O)(=O)[C@@H]2[C@@H]([C@@H]2N)C3=CC=C(C=C3)OC;;;;;;
CN1C=CC2=C(C=CC=C21)C(=O)N3CCCC[C@H]3C4=CN=CC=C4;;;;;;
C1CN(C[C@@H]1O)C2=NC=NC(=C2)C3CC(C3)NC(=O)CC4=CC=CS4;;;;;;
C1CCN([C@@H](C1)C2=CN=CC=C2)C(=O)CC[C@H]3C(=O)N(C(=O)N3)CC4=CC=CO4;;;;;;
CCCOC1=CC=CC=C1CCCNC(=O)CSCC2=CC=C(C=C2)OC;;;;;;
C1C[C@](NC1=O)(CCC(=O)NCC2=CC3=C(N2)C=CC(=C3)F)CCC(=O)O;;;;;;
COC1=CC=C(C=C1)CSCC(=O)NCCCC2=CC(=C(C=C2)OC)OC;;;;;;
C1C[C@@](NC1=O)(CCC(=O)NCC2=CC3=C(N2)C=CC(=C3)F)CCC(=O)O;;;;;;
CC1=CC=CC=C1OC[C@H](C)NC(=O)CSCC2=CC=C(C=C2)OC;;;;;;
C[C@@H]1CCCN(C1)C2=CC=C(C=C2)[C@@H](C)NC(=O)CSCC3=CC=C(C=C3)OC;;;;;;
COC1=CC2=C(C=C1)NC(=O)C(=C2)[C@H]3CC(=O)OC4=C3C5=C(C=C4)C(=O)/C(=C/C6=C(C(=CC=C6)OC)OC)/O5;;;;;;
COC1=CC=C(C=C1)[C@H]2[C@H](C2(C#N)C#N)S(=O)(=O)C3=CC=C(C=C3)Cl;;;;;;
CC1(C[C@@H](C2=C(O1)C=C(C=C2)OC)NC(=O)CSCC3=CC=C(C=C3)OC)C;;;;;;
COC1=CC=C(C=C1)[C@@H]2[C@H]([C@@]2(C=O)C#N)S(=O)(=O)C3=CC=C(C=C3)Cl;;;;;;
C1[C@@H](C2=C(C=CC3=C2OC=C(C3=O)Cl)OC1=O)C4=CC=C(C=C4)C(=O)O;;;;;;
CCOC(=O)[C@]1([C@@H]([C@@H]1S(=O)(=O)C2=CC=C(C=C2)Cl)C3=CC=C(C=C3)OC)C#N;;;;;;
CCOC(=O)[C@@]1([C@@H]([C@@H]1S(=O)(=O)C2=CC=C(C=C2)Cl)C3=CC=C(C=C3)OC)C#N;;;;;;
CC[C@@H](C1=CC(=C(C=C1)C)C)NC(=O)CSCC2=CC=C(C=C2)OC;;;;;;
CCOC(=O)[C@@]1([C@H]([C@@H]1S(=O)(=O)C2=CC=C(C=C2)Cl)C3=CC=C(C=C3)OC)C#N;;;;;;
CC1=C(SC=N1)CCC(=O)N[C@H](C2CC(C2)O)C3=CN(N=C3)C;;;;;;
CC[C@@H](C1=CC(=C(C=C1)OC)OC)NC(=O)CSCC2=CC=C(C=C2)OC;;;;;;
COC1=CC=C(C=C1)CSCC(=O)NCC2=NC(=NO2)C3=CC=CC=C3;;;;;;
CC1=CC(=CC=C1)C2=NOC(=N2)CNC(=O)CSCC3=CC=C(C=C3)OC;;;;;;
CC1=CC2=C([C@@H](CC(=O)O2)C3=CC4=C(C=C(C=C4)OC)NC3=O)C(=O)O1;;;;;;
CC1=CC2=C([C@H](CC(=O)O2)C3=CC4=C(C=C(C=C4)OC)NC3=O)C(=O)O1;;;;;;
COC1=CC=C(C=C1)[C@H]2[C@@H]([C@]2(C#N)N)S(=O)(=O)C3=CC=C(C=C3)Cl;;;;;;
C1CC1C2=C(N=CO2)C(=O)N[C@H](C3CC(C3)O)C4=CC=CC=N4;;;;;;
COC1=CC=CC(=C1OC)/C=C\\2/C(=O)C3=C(O2)C4=C(C=C3)OC(=O)C[C@H]4C5=CC=NC6=CC=CC=C56;;;;;;
CN(CC1=NC(=NO1)C2=CC(=CC=C2)OC)C(=O)CSCC3=CC=C(C=C3)OC;;;;;;
CN(CC1=NC(=NO1)C2=CC=C(C=C2)OC)C(=O)CSCC3=CC=C(C=C3)OC;;;;;;
C1[C@@H](C2=C(C=CC3=C2O/C(=C\\C4=CN=CC=C4)/C3=O)OC1=O)C5=CC=NC=C5;;;;;;
COC1=CC=C(C=C1)[C@H]2[C@H]([C@@H]2S(=O)(=O)C3=CC=C(C=C3)Cl)C#N;;;;;;
COC1=CC=C(C=C1)CCOC2=C(C=CC(=C2)[C@@H](CC(=O)OC)C3=C(C4=CC=CC=C4OC3=O)O)OC;;;;;;
CCOC(=O)C1([C@@H]([C@@H]1S(=O)(=O)C2=CC=C(C=C2)Cl)C3=CC=C(C=C3)OC)C(=O)OCC;;;;;;
CC1=CC2=C([C@@H](CC(=O)O2)CC(C)C)C(=O)N1CCC3=CC=C(C=C3)O;;;;;;
COC1=CC=CC=C1CCCNC(=O)C2=C(C=C(C=C2)[N+](=O)[O-])Cl;;;;;;
CCOC(=O)[C@]1([C@H]([C@@H]1S(=O)(=O)C2=CC=C(C=C2)Cl)C3=CC=C(C=C3)OC)N;;;;;;
CCOC(=O)[C@@]1([C@H]([C@@H]1S(=O)(=O)C2=CC=C(C=C2)Cl)C3=CC=C(C=C3)OC)N;;;;;;
CC1=CC(=NC(=O)N1CCNC(=O)[C@H]2CC3=C(N2)C=CC(=C3)Cl)C;;;;;;
CSCC[C@@H](CO)NC(=O)C1=C(N(N=C1)C2=CC=CC=C2Br)N3C=CC=C3;;;;;;
CCCOC1=CC=CC=C1CCCNC(=O)C2=C(C=C(C=C2)[N+](=O)[O-])Cl;;;;;;
COC1=CC=C(C=C1)[C@@H]2[C@H](C2(CN)CN)S(=O)(=O)C3=CC=C(C=C3)Cl;;;;;;
COC1=CC=C(C=C1)[C@H]2[C@H](C2(CN)CN)S(=O)(=O)C3=CC=C(C=C3)Cl;;;;;;
CC1=CC=C(C=C1)OC[C@@H](C)NC(=O)C2=C(C=C(C=C2)[N+](=O)[O-])Cl;;;;;;
COC1=CC=C(C=C1)[C@H]2[C@@H]([C@@]2(CN)CO)S(=O)(=O)C3=CC=C(C=C3)Cl;;;;;;
CC1CCN(CC1)C2=CC=C(C=C2)[C@@H](C)NC(=O)C3=C(C=C(C=C3)[N+](=O)[O-])Cl;;;;;;
CC(C)[C@@H](C1=NC2=CC=CC=C2N1C)NC(=O)[C@H]3CC(=O)N(C3)C4=CC=CC=C4F;;;;;;
CC1=CC(=C(C(=O)N1CCC2=CC=C(C=C2)O)[C@H](CC(=O)OC)C3=COC4=CC=CC=C4C3=O)O;;;;;;
C1CCC2(CC1)CC(=O)C3=C(O2)C4=C(C=C3)OC(=O)C[C@H]4C5=CN=CC=C5;;;;;;
COC1=C(C=C(C=C1)NC(=O)C[C@@H]2C3=C(C(=C(C=C3)OC)OC)C(=O)O2)N4CCCS4(=O)=O;;;;;;
COC1=C(C=C(C=C1)NC(=O)C[C@H]2C3=C(C(=C(C=C3)OC)OC)C(=O)O2)N4CCCS4(=O)=O;;;;;;
COC1=CC=C(C=C1)[C@@H]2[C@@H]([C@]2(CN)N)S(=O)(=O)C3=CC=C(C=C3)Cl;;;;;;
COC1=CC=C(C=C1)[C@H]2[C@@H]([C@]2(CN)N)S(=O)(=O)C3=CC=C(C=C3)Cl;;;;;;
COC1=CC=C(C=C1)[C@H]2[C@H]([C@]2(CN)N)S(=O)(=O)C3=CC=C(C=C3)Cl;;;;;;
CC(C)(C)OC(=O)N[C@]1([C@@H]([C@@H]1S(=O)(=O)C2=CC=C(C=C2)Cl)C3=CC=C(C=C3)OC)CN;;;;;;
CC1=CC2=C([C@@H](CC(=O)O2)C3=CC(=C(C=C3)OC)OC)C(=O)N1CCC4=CC=C(C=C4)O;;;;;;
COC[C@@]1([C@H]([C@@H]1S(=O)(=O)C2=CC=C(C=C2)Cl)C3=CC=C(C=C3)OC)CN;;;;;;
C1=CC(=CN=C1)/C=C\\2/C(=O)C3=C(O2)C(=C(C=C3)O)[C@H](CC(=O)O)C4=CN=CC=C4;;;;;;
CC[C@H](C1CC(C1)O)NS(=O)(=O)C2=CC3=C(C=C2)OC(=O)N3C;;;;;;
COC1=CC(=C(C=C1/C=C/2\\C(=O)C3=C(O2)C4=C(C=C3)OC(=O)C[C@H]4C5=CC=C(C=C5)SC)OC)OC;;;;;;
COC1=CC=C(C=C1)[C@@H]2[C@@H](C2(CO)CO)S(=O)(=O)C3=CC=C(C=C3)Cl;;;;;;
COC1=C(C2=C(C=C1)[C@@H](OC2=O)CC(=O)NC3=CC(=C(C=C3)N4CCCS4(=O)=O)OC)OC;;;;;;
CCOC1=C(C=C(C=C1)CNC(=O)C2=C(C=CC(=C2)[N+](=O)[O-])Cl)OCC;;;;;;
C[C@@H](CC(=O)N1CCC2=C(C1)C=NN2)N3CCOCC3;;;;;;
CC1=CC2=C([C@H](CC(=O)O2)C3=CC(=C(C=C3OC)OC)OC)C(=O)N1CCC4=CC=C(C=C4)O;;;;;;
C1COCCN1CC2=CC(=O)C(=C(O2)[C@H](CC(=O)N)C3=CC=C(C=C3)O)O;;;;;;
C1COCCN1CC2=CC(=O)C(=C(O2)[C@@H](CC(=O)N)C3=CC=C(C=C3)O)O;;;;;;
COC1=CC=C(C=C1)[C@H]2[C@@H]([C@@H]2S(=O)(=O)C3=CC=C(C=C3)Cl)CO;;;;;;
C1CCN([C@@H](C1)C2=CN=CC=C2)C(=O)C[C@H]3C(=O)N(C(=O)N3)CCC4=CC=CC=C4;;;;;;
C1CCC(C1)C(=O)N[C@@H](C2CC(C2)O)C3=CC4=C(C=C3)OCC4;;;;;;
COC1=CC=C(C=C1)[C@H]2[C@@H]([C@]2(C(=O)O)N)S(=O)(=O)C3=CC=C(C=C3)Cl;;;;;;
COC1=CC=C(C=C1)[C@H]2[C@H]([C@]2(C(=O)O)N)S(=O)(=O)C3=CC=C(C=C3)Cl;;;;;;
CCN1C=CC2=C1C=CC(=C2)C(=O)N[C@H](C3CC(C3)O)C4=CC=CC=N4;;;;;;
CCOC1=CC=C(C=C1)CCCNC(=O)C2=C(C=CC(=C2)[N+](=O)[O-])Cl;;;;;;
COC[C@@]1([C@@H]([C@@H]1S(=O)(=O)C2=CC=C(C=C2)Cl)C3=CC=C(C=C3)OC)C(=O)O;;;;;;
COCCN1C=C(C2=CC=CC=C21)CCC(=O)N3CCCC4=C[C@H]5C[C@@H]([C@H]43)CN6[C@H]5CCCC6;;;;;;
CCOC(=O)C1=CNC(=O)C2=C1OC(=O)C[C@H]2C3=CC4=C(C(=C3)Cl)OCO4;;;;;;
CCCOC1=CC=CC=C1CCCNC(=O)C2=C(C=CC(=C2)[N+](=O)[O-])Cl;;;;;;
COCCN1C=C(C2=CC=CC=C21)CCC(=O)N3CCCC4=C[C@H]5C[C@@H]([C@@H]43)CN6[C@H]5CCCC6;;;;;;
COC[C@]1([C@H]([C@@H]1S(=O)(=O)C2=CC=C(C=C2)Cl)C3=CC=C(C=C3)OC)C(=O)O;;;;;;
CC1=CC=CC=C1OC[C@H](C)NC(=O)C2=C(C=CC(=C2)[N+](=O)[O-])Cl;;;;;;
CC1=CC=C(C=C1)OC[C@@H](C)NC(=O)C2=C(C=CC(=C2)[N+](=O)[O-])Cl;;;;;;
COC1=CC=CC(=C1OC)/C=C\\2/C(=O)C3=C(O2)C4=C(C=C3)OC(=O)C[C@H]4C5=CC=CC=C5OCCC6=CC7=C(C=C6)OCC7;;;;;;
CS(=O)(=O)C[C@H](C1=NN2CCN(CC2=C1)CC3=CC4=C(C=C3)OCC4)O;;;;;;
COC[C@]1([C@@H]([C@@H]1S(=O)(=O)C2=CC=C(C=C2)Cl)C3=CC=C(C=C3)OC)N;;;;;;
CC[C@@H](C)[C@@H](CO)NC(=O)[C@H]1CC(=O)N(C1)CCC2=CC=CC=C2;;;;;;
COC1=CC=C(C=C1)[C@@H]2[C@H]([C@@H]2S(=O)(=O)C3=CC=C(C=C3)Cl)N;;;;;;
C1CCN([C@@H](C1)C2=CN=CC=C2)C(=O)C3=CC(=NN3)C4=CSC=C4;;;;;;
CC[C@H](C1=C(C=C(C=C1)C)C)NC(=O)C2=C(C=CC(=C2)[N+](=O)[O-])Cl;;;;;;
CC[C@@H](C1=C(C=C(C=C1)C)C)NC(=O)C2=C(C=CC(=C2)[N+](=O)[O-])Cl;;;;;;
CC[C@H](C1=CC(=C(C=C1)OC)OC)NC(=O)C2=C(C=CC(=C2)[N+](=O)[O-])Cl;;;;;;
CCOC(=O)CC1=C(C(=O)NN1)[C@@H](CC(=O)N)C2=CC3=C(C=C2)N(C(=O)N3C)C;;;;;;
CC1=CC(=O)OC2=C3[C@H](CC(=O)OC3=C(C(=C12)O)C(=O)C)C4=CC5=C(C=C4)OCCO5;;;;;;
COC1=CC=C(C=C1)[C@@H]2[C@@H]([C@@H]2S(=O)(=O)C3=CC=C(C=C3)Cl)C(=S)N;;;;;;
CN(CC1=NC(=NO1)C2=C(C=C(C=C2)OC)OC)C(=O)C3=C(C=CC(=C3)[N+](=O)[O-])Cl;;;;;;
CN(CC1=NC(=NO1)C2=CC=CC=C2Cl)C(=O)C3=C(C=CC(=C3)[N+](=O)[O-])Cl;;;;;;
CC1=CC2=C([C@H](CC(=O)O2)C3=CC4=C(C=C3)OCO4)C(=O)O1;;;;;;
COC1=CC=C(C=C1)[C@H]2[C@H]([C@@H]2S(=O)(=O)C3=CC=C(C=C3)Cl)C(=S)N;;;;;;
CN1CCN(CC1)CC2=C(C=CC3=C2C(=CO3)C(=O)C4=CC=C(C=C4)OC)O;;;;;;
CC1=CC=C(C=C1)CS(=O)(=O)N[C@@H](C2CC(C2)O)C3=CC=CC=N3;;;;;;
CS(=O)(=O)[C@H]1[C@H](C1(C#N)C#N)C2=CC3=C(C=C2)OCO3;;;;;;
CC1=CC(=O)C=C(O1)C(=O)NC[C@@H]2CCCN(C2)CCO;;;;;;
CC1CCN(CC1)C2=CC=C(C=C2)[C@H](C)NC(=O)C3=CC(=C(C(=C3)OC)OC)OC;;;;;;
CS(=O)(=O)[C@@H]1[C@H]([C@@]1(C=O)C#N)C2=CC3=C(C=C2)OCO3;;;;;;
CN1C=C(C=N1)[C@@H](CC(=O)OC)C2=C(C(=O)C=C(O2)CN3CCCCC3)O;;;;;;
CS(=O)(=O)[C@H]1[C@H]([C@@]1(C=O)C#N)C2=CC3=C(C=C2)OCO3;;;;;;
CC1=CC2=C(C=C1)OC(C[C@@H]2NC(=O)C3=CC(=C(C(=C3)OC)OC)OC)(C)C;;;;;;
CC1=CC2=C(C=C1)[C@@H](CC(O2)(C)C)NC(=O)C3=CC(=C(C(=C3)OC)OC)OC;;;;;;
CS(=O)(=O)[C@@H]1[C@@H]([C@@]1(CO)C#N)C2=CC3=C(C=C2)OCO3;;;;;;
CC(C)C1=CC=C(C=C1)CCCNC(=O)C2=CC(=C(C(=C2)OC)OC)OC;;;;;;
COC1=CC(=CC(=C1OC)OC)C(=O)NCCCN2CCCC3=CC=CC=C32;;;;;;
CC1=C(C=CC(=C1)C(=O)NC2=CC=CC=C2C(=O)C3=CC=CC=C3)[N+](=O)[O-];;;;;;
CCOC(=O)[C@]1([C@H]([C@@H]1S(=O)(=O)C)C2=CC3=C(C=C2)OCO3)N;;;;;;
CS(=O)(=O)[C@@H]1[C@@H](C1(CN)CN)C2=CC3=C(C=C2)OCO3;;;;;;
CC1=CC2=C(C=C1)[C@@H](CC(O2)(C)C)NC(=O)C3=CC(=C(C=C3)[N+](=O)[O-])C;;;;;;
CS(=O)(=O)[C@@H]1[C@@H]([C@@]1(CN)CO)C2=CC3=C(C=C2)OCO3;;;;;;
CS(=O)(=O)[C@H]1[C@@H]([C@@]1(CN)CO)C2=CC3=C(C=C2)OCO3;;;;;;
CCN(CC)CC1=CC(=C(O1)C)C(=O)N2CCC[C@H](C2)C3=NC=NC=C3;;;;;;
CC[C@H](C1=CC(=C(C=C1)C)C)NC(=O)C2=CC(=C(C=C2)[N+](=O)[O-])C;;;;;;
CCN(CC)CC1=CC(=C(O1)C)C(=O)N2CCC[C@@H](C2)C3=NC=NC=C3;;;;;;
CC[C@@H](C1=CC(=C(C=C1)C)C)NC(=O)C2=CC(=C(C=C2)[N+](=O)[O-])C;;;;;;
CC(C)(C)OC(=O)N[C@@]1([C@H]([C@@H]1S(=O)(=O)C)C2=CC3=C(C=C2)OCO3)CN;;;;;;
CN1C(=CC=N1)[C@@H](CC(=O)OC)C2=C(C3=CC=CC=C3OC2=O)O;;;;;;
CN1C(=CC=N1)[C@H](CC(=O)OC)C2=C(C3=CC=CC=C3OC2=O)O;;;;;;
CCOC[C@@]1([C@@H]([C@@H]1S(=O)(=O)C)C2=CC3=C(C=C2)OCO3)CN;;;;;;
CCOC[C@]1([C@H]([C@@H]1S(=O)(=O)C)C2=CC3=C(C=C2)OCO3)CN;;;;;;
CC1=C(C=CC(=C1)C(=O)NCCCN2CCCC3=CC=CC=C32)[N+](=O)[O-];;;;;;
CCOC1=C(C=C(C=C1)CNC(=O)[C@@H](C)SC2=CC=C(C=C2)C)OCC;;;;;;
CC1=CC=C(C=C1)S[C@H](C)C(=O)NCC2=CC(=C(C=C2)OC(C)C)OC;;;;;;
CS(=O)(=O)[C@@H]1[C@@H]([C@]1(CO)N)C2=CC3=C(C=C2)OCO3;;;;;;
CS(=O)(=O)[C@@H]1[C@@H]([C@@H]1C2=CC3=C(C=C2)OCO3)CO;;;;;;
CC1=CC=C(C=C1)S[C@@H](C)C(=O)NCCCC2=CC=CC=C2Cl;;;;;;
COC1=NC=C(C=C1)[C@H](C2CC(C2)O)NC(=O)C3=NC4=C(C=CC=C4F)C=C3;;;;;;
CC1=CC=C(C=C1)S[C@H](C)C(=O)NCCCC2=CC=C(C=C2)Cl;;;;;;
COC[C@]1([C@@H]([C@@H]1S(=O)(=O)C)C2=CC3=C(C=C2)OCO3)C(=O)O;;;;;;
COC[C@@]1([C@H]([C@@H]1S(=O)(=O)C)C2=CC3=C(C=C2)OCO3)C(=O)O;;;;;;
CC1=CC=C(C=C1)S[C@@H](C)C(=O)N[C@H](C)COC2=CC=C(C=C2)OC;;;;;;
CC1=CC=C(C=C1)S[C@@H](C)C(=O)NC2=CC=CC=C2C(=O)C3=CC=CC=C3;;;;;;
COC[C@@]1([C@H]([C@@H]1S(=O)(=O)C)C2=CC3=C(C=C2)OCO3)N;;;;;;
C[C@@H](C(=O)OC)NC(=O)C(C)(C)OC1=CC=C(C=C1)[C@H]2CC2(Cl)Cl;;;;;;
CC1=CC=C(C=C1)S[C@H](C)C(=O)NCCCC2=CC=C(C=C2)OC(C)C;;;;;;
CC1=CC=C(C=C1)S[C@@H](C)C(=O)NC2=CC=C(C=C2)OC3CCCC3;;;;;;
CS(=O)(=O)[C@H]1[C@H]([C@H]1N)C2=CC3=C(C=C2)OCO3;;;;;;
CC(C)(C)OC(=O)N[C@]1([C@H]([C@@H]1S(=O)(=O)C)C2=CC3=C(C=C2)OCO3)C=O;;;;;;
CCOC1=CC=C(C=C1)CCCNC(=O)[C@@H](C)SC2=CC=C(C=C2)C;;;;;;
CCOC1=CC=C(C=C1)CCCNC(=O)[C@H](C)SC2=CC=C(C=C2)C;;;;;;
CC1=C(C2=C(C=C1)NC(=N2)CCC(=O)N[C@@H](C)CC3=NC=CN=C3)C;;;;;;
COC[C@@]1([C@H]([C@@H]1S(=O)(=O)C)C2=CC3=C(C=C2)OCO3)C(=S)N;;;;;;
CCCOC1=CC=CC=C1CCCNC(=O)[C@H](C)SC2=CC=C(C=C2)C;;;;;;
CC1=C(C2=C(C=C1)NC(=N2)CCC(=O)N[C@H](C)CC3=NC=CN=C3)C;;;;;;
CCOC(=O)C1=CNC(=O)C2=C1OC(=O)C[C@@H]2C3=CC4=C(C=C3)N(C(=O)N4C)C;;;;;;
CC1=CC=C(C=C1)S[C@H](C)C(=O)N[C@@H](C)COC2=CC=CC=C2C;;;;;;
CCOC[C@@]1([C@@H]([C@@H]1S(=O)(=O)C)C2=CC3=C(C=C2)OCO3)C(=S)N;;;;;;
CC1=CC(=NN1C2=CC=CC(=C2)CN(C[C@@H]3CCCO3)CC4CC4)C;;;;;;
CCOC(=O)C1=CNC(=O)C2=C1OC(=O)C[C@H]2C3=CC4=C(C=C3)N(C(=O)N4C)C;;;;;;
CCOC[C@]1([C@H]([C@@H]1S(=O)(=O)C)C2=CC3=C(C=C2)OCO3)C(=S)N;;;;;;
CC(C)[C@@H](CO)NC(=O)[C@@H]1CC(=O)N(C1)CC2=CC=CC=C2;;;;;;
CC1=CC=C(C=C1)OC[C@H](C)NC(=O)[C@H](C)SC2=CC=C(C=C2)C;;;;;;
CCS(=O)(=O)[C@H]1[C@@H](C1(C#N)C#N)C2=CC3=C(C=C2)OCO3;;;;;;
CC1=CC=C(C=C1)S[C@@H](C)C(=O)N[C@@H]2CC(OC3=C2C=C(C=C3)C)(C)C;;;;;;
CC1=CC=C(C=C1)S[C@H](C)C(=O)N[C@@H]2CC(OC3=C2C=C(C=C3)C)(C)C;;;;;;
CCOC(=O)CC1=C(C(=O)NN1)[C@@H](CC(=O)N)C2=CC=C(C=C2)OCC3=CC=CC=N3;;;;;;
CCC1=C(N(N=C1C)CC(=O)NC[C@H]2CCCN(C2)C3=CC=CC=N3)C;;;;;;
CCOC(=O)[C@]1([C@@H]([C@@H]1S(=O)(=O)CC)C2=CC3=C(C=C2)OCO3)C#N;;;;;;
CCOC(=O)[C@@]1([C@H]([C@@H]1S(=O)(=O)CC)C2=CC3=C(C=C2)OCO3)C#N;;;;;;
COC[C@@H]1CCN(C1)C(=O)CCCN2C=NC=N2;;;;;;
COC[C@H]1CCN(C1)C(=O)CCCN2C=NC=N2;;;;;;
CCS(=O)(=O)[C@@H]1[C@@H]([C@@]1(CO)C#N)C2=CC3=C(C=C2)OCO3;;;;;;
CC1=CC=C(C=C1)S[C@@H](C)C(=O)N[C@@H](C)C2=CC(=C(C=C2)C)C;;;;;;
CC(=O)C1=C(C2=C(C=C1)OC(=O)C[C@H]2C3=CC(=C(C=C3)F)Cl)O;;;;;;
CC(=O)C1=C(C2=C(C=C1)OC(=O)C[C@@H]2C3=CC(=C(C=C3)F)Cl)O;;;;;;
CC[C@@H](C1=CC(=C(C=C1)C)C)NC(=O)[C@@H](C)SC2=CC=C(C=C2)C;;;;;;
CC[C@@H](C1=CC(=C(C=C1)C)C)NC(=O)[C@H](C)SC2=CC=C(C=C2)C;;;;;;
CC[C@H](C1=C(C=C(C=C1)C)C)NC(=O)[C@@H](C)SC2=CC=C(C=C2)C;;;;;;
CC[C@@H](C1=C(C=C(C=C1)C)C)NC(=O)[C@@H](C)SC2=CC=C(C=C2)C;;;;;;
CC[C@@H](C1=C(C=C(C=C1)C)C)NC(=O)[C@H](C)SC2=CC=C(C=C2)C;;;;;;
CCOC[C@@]1([C@@H]([C@@H]1S(=O)(=O)CC)C2=CC3=C(C=C2)OCO3)C#N;;;;;;
CC[C@H](C1=CC(=C(C=C1)OC)OC)NC(=O)[C@@H](C)SC2=CC=C(C=C2)C;;;;;;
CCOC[C@]1([C@H]([C@@H]1S(=O)(=O)CC)C2=CC3=C(C=C2)OCO3)C#N;;;;;;
CC(=O)C1=C(C2=C(C=C1)OC(=O)C[C@@H]2C3=CN(N=C3)C)O;;;;;;
CCS(=O)(=O)[C@@H]1[C@H]([C@@H]1C2=CC3=C(C=C2)OCO3)C#N;;;;;;
CSCC[C@@H](CO)NC(=O)C1CCN(CC1)C2=NC=CC=N2;;;;;;
CC[C@@H](C1=CC=C(C=C1)S(=O)(=O)C)NC(=O)[C@H](C)SC2=CC=C(C=C2)C;;;;;;
CCC1=NC=CN1CC(=O)N2CCCC[C@@H]2CCN3C=CC=N3;;;;;;
CCOC(=O)[C@]1([C@@H]([C@@H]1S(=O)(=O)CC)C2=CC3=C(C=C2)OCO3)N;;;;;;
CC1=CC(=NC(=N1)N[C@@H](CCSC)C(=O)N2CCC(CC2)C3=NN=C4N3C=CC=C4)C;;;;;;
CC1=CC=C(C=C1)S[C@@H](C)C(=O)NCC2=NC(=NO2)C3=CC=CC=C3Cl;;;;;;
CCOC(=O)[C@]1([C@H]([C@@H]1S(=O)(=O)CC)C2=CC3=C(C=C2)OCO3)N;;;;;;
CC1=CC=C(C=C1)S[C@H](C)C(=O)NCC2=NC(=NO2)C3=CC=C(C=C3)Cl;;;;;;
CCS(=O)(=O)[C@H]1[C@H](C1(CN)CN)C2=CC3=C(C=C2)OCO3;;;;;;
CC[C@@H](C)[C@@H](CO)NC(=O)CCC1=NN=C(O1)C2=CC=CC=C2;;;;;;
CC1=CC=C(C=C1)S[C@H](C)C(=O)NCC2=NC(=NO2)C3=CC(=CC=C3)Br;;;;;;
COC1=C(C2=C(C=C1)[C@@H](OC2=O)NC3=CC4=C(C=C3)C(=O)OC4)OC;;;;;;
CC1=CC=C(C=C1)S[C@@H](C)C(=O)N(C)CC2=NC(=NO2)C3=CC=CC=C3;;;;;;
CC1=CC=C(C=C1)S[C@H](C)C(=O)N(C)CC2=NC(=NO2)C3=CC=CC=C3;;;;;;
CC1=CC=C(C=C1)S[C@@H](C)C(=O)N(C)CC2=NC(=NO2)C3=CC=CC(=C3)C;;;;;;
CCS(=O)(=O)[C@@H]1[C@H]([C@@]1(CN)C(=O)O)C2=CC3=C(C=C2)OCO3;;;;;;
CC1=CC=C(C=C1)S[C@@H](C)C(=O)N(C)CC2=NC(=NO2)C3=CC=CC=C3Cl;;;;;;
CC1=CC=C(C=C1)S[C@@H](C)C(=O)N(C)CC2=NC(=NO2)C3=CC=CS3;;;;;;
CC1=CC=C(C=C1)S[C@H](C)C(=O)NCCCC2=CC=C(C=C2)C(C)C;;;;;;
C1CCC2=C(C1)C=CC(=C2)C(=O)N3CCC[C@@H](C3)C4=NC=NC=C4;;;;;;
CC1=CC=C(C=C1)S[C@H](C)C(=O)NCCCN2CCCC3=CC=CC=C32;;;;;;
CCS(=O)(=O)[C@@H]1[C@H]([C@@H]1C2=CC3=C(C=C2)OCO3)CN;;;;;;
CN1C(=CC=N1)[C@@H](C2=NN3CCN(CC3=C2)CC4=NN=C(S4)OC)O;;;;;;
CCS(=O)(=O)[C@@H]1[C@H](C1(CO)CO)C2=CC3=C(C=C2)OCO3;;;;;;
CC1=C(C(=NO1)C)[C@@H]2CCCN2C(=O)C3=CC4=C(C=C3)NC(=O)C(=O)N4;;;;;;
CC1=C(N=C(N=C1C[C@@H]2CC(=O)N(C2)C3=CC=CC=C3)C)C;;;;;;
CCS(=O)(=O)[C@H]1[C@H]([C@@]1(COC)C(=O)O)C2=CC3=C(C=C2)OCO3;;;;;;
CC1=CC=C(C=C1)SCCC(=O)N[C@@H](C)COC2=CC=CC=C2C;;;;;;
CCS(=O)(=O)[C@@H]1[C@@H]([C@@]1(COC)C(=O)O)C2=CC3=C(C=C2)OCO3;;;;;;
CN1C=C(C=N1)[C@@H](C2CC(C2)O)NC(=O)CCC3=NC4=CC=CC=C4N3;;;;;;
CC1=CC=C(C=C1)OC[C@H](C)NC(=O)CCSC2=CC=C(C=C2)C;;;;;;
CCS(=O)(=O)[C@H]1[C@H]([C@@H]1C(=O)O)C2=CC3=C(C=C2)OCO3;;;;;;
CC1CCN(CC1)C2=CC=C(C=C2)[C@@H](C)NC(=O)CCSC3=CC=C(C=C3)C;;;;;;
C[C@@H]1CCCN(C1)C2=CC=C(C=C2)[C@H](C)NC(=O)CCSC3=CC=C(C=C3)C;;;;;;
CC1=C(SC2=NCCN12)C(=O)N3CCC[C@H](C3)C4=CC=C(C=C4)Cl;;;;;;
CC1=CC=C(C=C1)SCCC(=O)N[C@H]2CC(OC3=C2C=CC(=C3)C)(C)C;;;;;;
CC1=CC(=NC(=N1)N2CCC[C@H](C2)C(=O)NC3=NNC(=N3)CC4=CC=C(C=C4)OC)C;;;;;;
CC1=CC(=NC(=N1)N2CCC[C@@H](C2)C(=O)NC3=NNC(=N3)CC4=CC=C(C=C4)OC)C;;;;;;
CC1=NC2=C(O1)C=C(C=C2)C(=O)N[C@@H](C3CC(C3)O)C4=CN(N=C4)C;;;;;;
COC[C@]1([C@@H]([C@@H]1S(=O)(=O)C2=CC=CC=C2)C3=CC4=C(C=C3)OCO4)C#N;;;;;;
CC1=C(C(=NN1C2=CC=CC=C2)C)CC(=O)N[C@@H]3CC(=O)NC4=CC=CC=C34;;;;;;
C1OC2=C(O1)C=C(C=C2)[C@H]3[C@@H]([C@@]3(CN)N)S(=O)(=O)C4=CC=CC=C4;;;;;;
C1OC2=C(O1)C=C(C=C2)[C@@H]3[C@H]([C@H]3S(=O)(=O)C4=CC=CC=C4)CN;;;;;;
CCOC1=CC=C(C=C1)CCCNC(=O)CC2=CC=CC=C2[N+](=O)[O-];;;;;;
C1C(CC1O)[C@H](C2=CC=CC=N2)NC(=O)C3=NC=CC(=C3)CO;;;;;;
CCN1C(=CC(=N1)C)S(=O)(=O)N[C@@H](C2CC(C2)O)C3=CN=C(C=C3)OC;;;;;;
CC1=CC2=C(C=C1)OC(C[C@H]2NC(=O)C3=CC=C(C=C3)C4=CC=CC=C4)(C)C;;;;;;
CC1(C[C@H](C2=C(O1)C=C(C=C2)OC)NC(=O)C3=CC=C(C=C3)C4=CC=CC=C4)C;;;;;;
C[C@@H](COC1=CC=C(C=C1)OC)NC(=O)CCC2=CC=CC=C2;;;;;;
CC1=CC=C(C=C1)S(=O)(=O)[C@H]2[C@@H]([C@]2(CO)N)C3=CC4=C(C=C3)OCO4;;;;;;
COC1=C(C=CC=N1)C(=O)N2CCCN3C(=CC(=N3)[C@H](C4=CC=CC=C4)O)C2;;;;;;
COC1=NC=C(C=C1)[C@H](C2CC(C2)O)NC3CCOCC3;;;;;;
CC1=CC=C(C=C1)S(=O)(=O)[C@@H]2[C@H]([C@H]2C(=O)O)C3=CC4=C(C=C3)OCO4;;;;;;
CCOC[C@]1([C@H]([C@@H]1S(=O)(=O)C2=CC=C(C=C2)C)C3=CC4=C(C=C3)OCO4)N;;;;;;
CC1=CC=C(C=C1)/C=C/C(=O)N[C@H]2CC(OC3=C2C=CC(=C3)OC)(C)C;;;;;;
CS(=O)(=O)[C@@H]1[C@H]([C@@H]1C2=CC=C(C=C2)Br)C#N;;;;;;
C1CN(C[C@@]1(C2=CC=CC=C2)O)C(=O)C3=C(C=CC(=C3)N4C=NN=N4)O;;;;;;
COC1=CC=C(C=C1)CCCNC(=O)CSCC2=CC=C(C=C2)Br;;;;;;
CCS(=O)(=O)[C@H]1[C@H]([C@H]1C(=S)N)C2=CC=C(C=C2)Br;;;;;;
CC1=CC=C(C=C1)SCC2=CC=C(C=C2)C(=O)NC3=CC=C(C=C3)OC4CCN(CC4)C;;;;;;
CC1=CC=C(C=C1)S(=O)(=O)[C@H]2[C@H]([C@]2(CN)COC)C3=CC=C(C=C3)Br;;;;;;
CC1=CC=CC=C1N(CC(=O)N(C)CC2=NC(=NO2)C3=CC=CC=C3Cl)S(=O)(=O)C;;;;;;
C1=CC(=CC=C1[C@@H]2[C@@H]([C@H]2S(=O)(=O)C3=CC=C(C=C3)Cl)CO)Br;;;;;;
CN(CC1=NC(=NO1)C2=CC=CC=C2)C(=O)CN(C3=CC=C(C=C3)Cl)S(=O)(=O)C;;;;;;
CC[C@@H](C)[C@@H](CO)NC(=O)C1=C(NN=C1)C2=CC3=C(C=C2)OCCO3;;;;;;
CS(=O)(=O)N(CC(=O)NCC1=NC(=NO1)C2=CC=CC=C2)C3=CC=CC=C3F;;;;;;
CCCO[C@H](C)C1=CC(=C(C=C1)C)N;;;;;;
CO[C@@H]1[C@H](N(C1=O)C2=CC(=CC=C2)F)C(=O)O;;;;;;
CO[C@H]1[C@@H](N(C1=O)C2=CC=CC=C2F)C=O;;;;;;
CCN1[C@H](CCC1=O)CCC(=O)OC;;;;;;
C[C@H](C1=NN=C(O1)C(C)C)NC(=O)C2=CC=CC=C2OC(C(F)F)(F)F;;;;;;
C[C@H](C(=O)NCC1=NC(=NO1)C2=CC=CS2)N(C3=CC=CC=C3)S(=O)(=O)C;;;;;;
CCOC1=CC=C(C=C1)N([C@@H](C)C(=O)N2CCC(CC2)CC3=CC=CC=C3)S(=O)(=O)C;;;;;;
CC1=CC(=O)NC(=O)N1C[C@@H]2CCCO2;;;;;;
CCN1CCC[C@H]1CNC(=O)C[C@H]2C(=O)N(C(=O)N2)CCC3=CC=CC=C3;;;;;;
COC1=C(C2=C(C=C1)[C@H](OC2=O)CC(=O)NC3=CC=C(C=C3)N4CCCS4(=O)=O)OC;;;;;;
CC1=CC=C(C=C1)[C@@H]2[C@H]([C@@]2(CO)C#N)S(=O)(=O)C3=CC=C(C=C3)C;;;;;;
CCN1CCC[C@H]1CNC(=O)CN2C=CC3=C(C=CC=C32)NS(=O)(=O)C;;;;;;
CS(=O)(=O)[C@@H]1[C@H]([C@@]1(C#N)C(=O)O)C2=CC(=CC=C2)Cl;;;;;;
CCS(=O)(=O)[C@H]1[C@H](C1(CO)CO)C2=CC=C(C=C2)C;;;;;;
COC[C@@]1([C@H]([C@@H]1S(=O)(=O)C)C2=CC(=CC=C2)Cl)C#N;;;;;;
CCS(=O)(=O)[C@@H]1[C@@H]([C@@]1(COC)C#N)C2=CC(=CC=C2)Cl;;;;;;
CC1=CC(=NC(=N1)N2CCC[C@H](C2)C(=O)NC3=C(C=CC(=C3)NC(=O)C)OC)C;;;;;;
CC1=CC(=NC=C1CNC(=O)[C@@]2(CCCO2)C)C;;;;;;
CCS(=O)(=O)[C@H]1[C@@H](C1(CO)CO)C2=CC=C(C=C2)F;;;;;;
CC1=CC(=C(C(=O)N1CC(=O)O)[C@H](CC(=O)OC)C2=CC=C(C=C2)OC(F)(F)F)O;;;;;;
C1=CC(=CC=C1[C@H]2[C@@H]([C@@]2(CO)C#N)S(=O)(=O)C3=CC=C(C=C3)Cl)Cl;;;;;;
COC1=C(C=C(C=C1)[C@H](CC(=O)N)C2=C(NNC2=O)CC3=CC4=C(C=C3)OCC4)OC;;;;;;
CS(=O)(=O)[C@@H]1[C@H]([C@@H]1C2=CC(=CC=C2)Cl)C#N;;;;;;
CCS(=O)(=O)[C@@H]1[C@H]([C@H]1N)C2=CC(=CC=C2)Cl;;;;;;
CCS(=O)(=O)[C@H]1[C@@H]([C@@H]1C2=CC=C(C=C2)Cl)CO;;;;;;
C[C@H](C(=O)NC1=CC(=C(C=C1OC)Cl)OC)N(C2=CC(=CC=C2)Cl)S(=O)(=O)C;;;;;;
C[C@@H](C(=O)NCCSCC1=CC=CO1)N(C2=C(C=CC(=C2)Cl)OC)S(=O)(=O)C;;;;;;
CCOC(=O)C1CCN(CC1)C(=O)[C@H](C)N(C2=C(C=CC(=C2)Cl)OC)S(=O)(=O)C;;;;;;
C1CCC(C1)OC2=CC=C(C=C2)NC(=O)C3=CC4=C(O3)C=CC5=CC=CC=C54;;;;;;
C1C(CC1O)[C@H](C2=CC=CS2)NC(=O)C3=CC(=O)NC4=C3C=CC(=C4)F;;;;;;
CCOC1=C(C=C(C=C1)CNC(=O)C2=CC(=C(C=C2)NS(=O)(=O)C)C)OCC;;;;;;
COC1=CC=CC=C1CCCNC(=O)C2=CC=CC=C2SCC3=CC=CC=C3;;;;;;
CC1CCN(CC1)S(=O)(=O)C2=CC(=C(C=C2)C)C(=O)NCCCC3=CC=C(C=C3)OC;;;;;;
CC1CCN(CC1)S(=O)(=O)C2=CC(=C(C=C2)Cl)C(=O)N[C@H](C)C3=C(C=CC(=C3)C)C;;;;;;
CCC1=CC=C(C=C1)[C@@H]2[C@@H]([C@]2(COCC)C(=S)N)S(=O)(=O)C3=CC=C(C=C3)Cl;;;;;;
CC[C@@H](C1=C(C=C(C=C1)C)C)NC(=O)CCCN(C2=CC3=C(C=C2)OCO3)S(=O)(=O)C;;;;;;
CC1=CC=C(C=C1)S(=O)(=O)[C@H]2[C@@H]([C@@]2(CN)NC(=O)OC(C)(C)C)C3=CC=C(C=C3)F;;;;;;
C1C[C@@H](O[C@H]1C2=CC(=CC(=C2)F)F)C(=O)O;;;;;;
C[C@H](C(=O)N(C)CC1=NC(=NO1)C2=CC(=CC=C2)Br)OC3=CC=C(C=C3)F;;;;;;
CC1(C[C@@H](C2=CC=CC=C2O1)NC(=O)C3=C4C(=CS3)OCCO4)C;;;;;;
CC1=CC(=CC(=C1Cl)C)O[C@@H](C)C(=O)N2CCC3=C2C=CC(=C3)S(=O)(=O)N(C)C;;;;;;
COC1=CC(=CC(=C1OC)OC)C(=O)C2=COC3=C2C=CC(=C3)O;;;;;;
CC1=CC(=CC(=C1Cl)C)O[C@@H](C)C(=O)NCCCC2=CC=C(C=C2)F;;;;;;
CC1=C(C(=NN1[C@@H](C)CC(=O)N2CC3=C(C2)N=C(N(C3=O)C)C)C)C(=O)C;;;;;;
CC1=CC(=CC(=C1Cl)C)O[C@H](C)C(=O)N[C@H](C)COC2=CC=C(C=C2)OC;;;;;;
CC1=CC(=CC(=C1Cl)C)O[C@H](C)C(=O)N[C@@H](C)COC2=CC=C(C=C2)OC;;;;;;
COC1=C(C2=C(C=C1)[C@@H]3N(C2=O)CC(=O)N3CC(=O)O)OC;;;;;;
C1=CC(=CC=C1C(=O)N)N2C(=O)[C@@H](NC2=O)CC(=O)O;;;;;;
CC1=CC(=CC(=C1Cl)C)O[C@H](C)C(=O)NCCCC2=CC(=CC=C2)OC(C)C;;;;;;
COC1=CC=CC=C1CCN2C(=O)[C@@H](NC2=O)CCC(=O)O;;;;;;
CC(C)(C)OC(=O)NCC1=NC=C(C=N1)C(F)(F)F;;;;;;
CC(C)(C)NC1=NC=C(C=N1)C(F)(F)F;;;;;;
CN(C)C1=NC(=C(S1)C#C)C(F)(F)F;;;;;;
CC[C@@H](C1=CC(=C(C=C1)OC)OC)NC(=O)CCCOC2=CC=C(C=C2)Cl;;;;;;
CC(C)OC1=C(C=C(C=C1)CNC(=O)CCCOC2=CC=C(C=C2)OC)OC;;;;;;
CC1=CC=C(C=C1)OC[C@H](C)NC(=O)CCCOC2=CC=C(C=C2)OC;;;;;;
CN(CC1=NC(=NO1)C2=CC(=CC=C2)OC)C(=O)CCCOC3=CC=C(C=C3)OC;;;;;;
CC[C@H](C(=O)N[C@@H](C)COC1=CC=C(C=C1)C)OC2=CC=C(C=C2)OC;;;;;;
COC(=O)N1CCCC[C@H]1C(=O)NCC2=NN=C3N2C=CC=C3;;;;;;
CC(C)N1C2=CC=CC=C2N=C1NNC(=O)C;;;;;;
CC1=CN=C(C=N1)C(=O)N2CCC[C@@H](C2)C3=NC(=NO3)C4=CC=CC=C4;;;;;;
CC1=CC(=CC(=C1Br)C)OCC(=O)NCCCC2=CC=CC=C2Cl;;;;;;
CC1=CC(=NC(=O)N1CC(=O)N[C@@H](C)C2=NC(=NO2)C3=CC=CC=N3)C;;;;;;
C1CC[C@@H]([C@H](C1)N)NC[C@@H]2CCCO2;;;;;;
CC1=CN=C(C=N1)C(=O)N[C@H](C2CC(C2)O)C3=CN=C(C=C3)OC;;;;;;
C1CC[C@H]([C@@H](C1)N)N[C@@H]2CCCC[C@@H]2OCC3=CC=CC=C3;;;;;;
CN(C)C1=NC(=C2N1C=CC=C2)CO;;;;;;
CC1=CC(=C(C(=C1)OCC(=O)N2CCN(CC2)C3=CC=CC=C3OC)C)C;;;;;;
C1=CC=C(C=C1)COC2=CC=CC(=C2)C(=O)NCCCC3=CC=C(C=C3)Cl;;;;;;
CCCOC1=CC=C(C=C1)C(=O)N[C@H]2CC(OC3=C2C=C(C=C3)OC)(C)C;;;;;;
CC(C)C1=CC=C(C=C1)CCCNC(=O)C2=CC=C(C=C2)OC(C)C;;;;;;
CC[C@H](C1=CC(=C(C=C1)OC)OC)NC(=O)C2=CC=CC=C2OCC3=CC=CC=C3;;;;;;
C[C@H](C(=O)N[C@@H]1CC(OC2=CC=CC=C12)(C)C)OC3=CC4=CC=CC=C4C=C3;;;;;;
CN1C=C(C=N1)[C@H](C2CC(C2)O)NC(=O)C3=CC=CC=C3SC;;;;;;
CC(C)CN1C=NC=C1CNC(=O)[C@@H](C2=CC(=CC=C2)Cl)O;;;;;;
CC1=CC(=C(C=C1)C)O[C@@H](C)C(=O)NCC2=CC(=C(C=C2)OC(C)C)OC;;;;;;
CC1=CC(=C(C=C1)C)O[C@@H](C)C(=O)N[C@@H](C)C2=CC=C(C=C2)C(C)(C)C;;;;;;
CC[C@@H](C1CC(C1)O)NC(=O)CCC(F)(F)F;;;;;;
CC1=CC=CC=C1[C@@H]2CCN(CCS2)C(=O)C3=CC(=NN3)C4=CC=C(C=C4)F;;;;;;
CC1=CC=C(C=C1)CC(=O)N[C@@H](C)COC2=CC=C(C=C2)C;;;;;;
CCN(CC1=NC(=NO1)C2=CC=CS2)C(=O)CCC3=CC(=C(C=C3)OC)OC;;;;;;
CCC1=CC=CC=C1O[C@H](C)C(=O)N[C@H](C)C2=CC(=C(C=C2)C)C;;;;;;
CC1=CC(=C(C(=C1)O[C@H](C)C(=O)N[C@H]2CC(OC3=C2C=CC(=C3)OC)(C)C)C)C;;;;;;
CC1=NN=C(O1)CNC(=O)[C@@H]2CCCCN2C(=O)OC;;;;;;
CN1C(=CC=N1)[C@@H](COC)NC(=O)C2=CC3=C(C=C2)NC(=O)C(=O)N3;;;;;;
CC[C@H](C1=CC(=C(C=C1)OC)OC)NC(=O)[C@@H](CC)OC2=CC3=CC=CC=C3C=C2;;;;;;
CC[C@@H](C1=CC=NN1C)NC(=O)C2=CC=C(C=C2)C3=CC=CC=C3OC;;;;;;
CN(C[C@@H]1CCCCO1)C(=O)C2=C(C=C(C=N2)F)F;;;;;;
CC[C@@H](C(=O)N[C@@H]1CC(OC2=C1C=CC(=C2)C)(C)C)OC3=CC=CC(=C3C)C;;;;;;
CC[C@H](C(=O)N[C@H]1CC(OC2=CC=CC=C12)(C)C)SC3=CC=C(C=C3)Cl;;;;;;
CN(CCCNC(=O)C1CCN(CC1)CC2=CC=C(C=C2)Cl)C3=CC=CC=C3;;;;;;
CN(CCCNC(=O)C1CCN(CC1)CC2=C(C=CC=C2Cl)Cl)C3=CC=CC=C3;;;;;;
CC(C)NC(=O)C1=CC=CC=C1NC(=O)CCCN2C(=O)C3=CC=CC=C3S2(=O)=O;;;;;;
C1CCCN(CC1)CC(=O)N[C@H](CC2=CC=CC=C2)C3CC(C3)O;;;;;;
CC1=CC=C(C=C1)OC[C@@H](C)NC(=O)CCCN2C3=CC=CC4=C3C(=CC=C4)C2=O;;;;;;
CC1=CC2=C(C=C1)OC(C[C@H]2NC(=O)CCCN3C4=CC=CC5=C4C(=CC=C5)C3=O)(C)C;;;;;;
CCN(CC1=NC(=NO1)C2=CC=CS2)C(=O)CCCN3C4=CC=CC5=C4C(=CC=C5)C3=O;;;;;;
CCOC1=CC=CC=C1C(=O)N2CC[C@@H](SCC2)C3=CC=CS3;;;;;;
CCC1=CC2=C(C=C1)N(S(=O)(=O)C3=CC=CC=C32)CC(=O)N[C@H](C)C4=C(C=CC(=C4)C)C;;;;;;
CNC(=O)C[C@H]1C(=O)NCCN1C(=O)C2=C(C=C(C=C2)Cl)O;;;;;;
C[C@H](C(=O)NCC1=NC(=NO1)C2=CC=CS2)OC3=CC=CC=C3OC;;;;;;
CCOC1=CC=C(C=C1)CCCNC(=O)[C@H](C)OC2=CC(=C(C=C2)C)C;;;;;;
CC(C)[C@@H](C1=NC=CN1C)NC2=NC=NC=N2;;;;;;
CCC1=C(N(N=C1C)CC(=O)N[C@@H]2CC(=O)N(C2)C3=CC=CC=C3OC)C;;;;;;
CCOC(=O)C1=CC(=C(C=C1)NC(=O)CCCN(C2=CC=CC(=C2)C)S(=O)(=O)C)C;;;;;;
CC1=C(C=CC=C1Cl)C(=O)NC(C)(C)C#N;;;;;;
CCOC(=O)C1=CC(=C(C=C1)C)NC(=O)C2=CC(=CC=C2)OCC(=C)C;;;;;;
CC[C@H](C1=C(C=C(C=C1)C)C)NC(=O)C2=CC(=CC=C2)OCC(=C)C;;;;;;
CC(C)C1=CC=C(C=C1)NC(=O)C2=CC=CC=C2SCC=C;;;;;;
CC1(C[C@@](CCO1)(CCNC(=O)C2=CC=CN2)C3=CC=CC=C3)C;;;;;;
C1CC(=O)N(C1)CCN2CCCN3C(=CC(=N3)[C@H](C4CC4)O)C2;;;;;;
CCN1C(=NC=N1)[C@H](C)NC(=O)C2=CC=CC(=C2)C(=O)C;;;;;;
CC1(C[C@@H](C2=CC=CC=C2O1)NC(=O)C3=CC=C(C=C3)CS(=O)(=O)N4CCCCC4)C;;;;;;
CC1=C(C=NO1)C(=O)N[C@@H](C2CC(C2)O)C3=CN=C(C=C3)OC;;;;;;
CC1=C(C=CC=C1[N+](=O)[O-])N(CC(=O)NC2=CC3=C(C=C2)OCO3)S(=O)(=O)C;;;;;;
CS(=O)(=O)N(CC(=O)NCC1=CC=CC=C1Cl)C2=CC=C(C=C2)C(F)(F)F;;;;;;
CC1=CC(=CC=C1)CCCNC(=O)CN(C2=CC=C(C=C2)C(F)(F)F)S(=O)(=O)C;;;;;;
CCOC1=CC=CC=C1CNC(=O)CN(C2=C(C=C(C=C2)F)F)S(=O)(=O)C;;;;;;
CC1=CN=C(C=N1)C(=O)N[C@H](C2CC(C2)O)C3=CC=CC=N3;;;;;;
C[C@@H](C(=O)NCCCN1CCOCC1)N(C2=CC=CC(=C2)C(F)(F)F)S(=O)(=O)C;;;;;;
CC1=CC(=C(C=C1)C)[C@@H](C)NC(=O)[C@H](C)N(C2=CC=CC(=C2)C(F)(F)F)S(=O)(=O)C;;;;;;
C[C@@H](C(=O)N[C@H]1CCCC2=CC=CC=C12)N(C3=CC=CC(=C3)C(F)(F)F)S(=O)(=O)C;;;;;;
C[C@@H](C(=O)NC1=CC(=CC=C1)OC)N(C2=C(C=CC(=C2)OC)OC)S(=O)(=O)C;;;;;;
C1CN(C[C@@]1(C2=CC=CC=C2)O)C(=O)CC3=CC(=CC=C3)F;;;;;;
CC1=CC(=CC=C1)CCCNC(=O)[C@@H](C)N(C2=C(C=CC(=C2)OC)OC)S(=O)(=O)C;;;;;;
CCC1=CC=CC=C1NC(=O)[C@H](C)N(C2=CC(=C(C=C2)OC)OC)S(=O)(=O)C;;;;;;
C[C@@H](C(=O)NC1=CC=C(C=C1)OC)N(C2=CC(=C(C=C2)OC)OC)S(=O)(=O)C;;;;;;
C[C@H](C(=O)NC1=CC=C(C=C1)C(=O)OC)N(C2=CC(=C(C=C2)OC)OC)S(=O)(=O)C;;;;;;
CC1=CC(=O)C=C(O1)C(=O)N[C@@H](C2CC(C2)O)C3=CC4=CC=CC=C4N=C3;;;;;;
CC1=CC(=C(C=C1)C)[C@@H](C)NC(=O)[C@@H](C)N(C2=CC(=CC(=C2)Cl)Cl)S(=O)(=O)C;;;;;;
CCC1=CC=C(C=C1)N([C@@H](C)C(=O)NC2=CC=C(C=C2)Br)S(=O)(=O)C;;;;;;
CCC1=CC=C(C=C1)N([C@H](C)C(=O)NC2=CC=CC=C2OCC)S(=O)(=O)C;;;;;;
CCCN1C=NN=C1[C@@H](C)NC(=O)CN2C=NN=N2;;;;;;
CC1=CC(=C(C=C1)OC)N([C@H](C)C(=O)N[C@@H]2CC(OC3=CC=CC=C23)(C)C)S(=O)(=O)C;;;;;;
CC1=CC=C(C=C1)CNC(=O)[C@@H](C)N(C2=CC(=C(C=C2)C)Cl)S(=O)(=O)C;;;;;;
C1COC2=C1C=C(C=C2)[C@@H](C3CC(C3)O)NC(=O)C4=CC=CN4;;;;;;
CCC1=CC=CC=C1NC(=O)[C@H](C)N(C2=CC(=C(C=C2)Cl)C(F)(F)F)S(=O)(=O)C;;;;;;
CN(CC1=CC=CC=C1)S(=O)(=O)N[C@H](C2CC(C2)O)C3=CC=CC=N3;;;;;;
CN1CC[C@H](C1)NC(=O)C2=CN=C(N=C2)SC;;;;;;
CNC1=C(C=CC=N1)CN2CCN3C(=CC(=N3)[C@H](C4CC4)O)C2;;;;;;
CC[C@H](C(=O)N[C@H]1CC(OC2=CC=CC=C12)(C)C)N(C3=CC=CC(=C3)C)S(=O)(=O)C;;;;;;
CC[C@@H](C(=O)N[C@H]1CCCC2=CC=CC=C12)N(C3=CC=CC(=C3)C)S(=O)(=O)C;;;;;;
CC[C@@H](C(=O)N[C@@H](C)C1=CC=C(C=C1)C)N(C2=CC=CC(=C2)C)S(=O)(=O)C;;;;;;
CC[C@H](C(=O)N[C@H](C)C1=CC=C(C=C1)F)N(C2=CC=CC(=C2)C)S(=O)(=O)C;;;;;;
CC[C@@H](C(=O)N[C@@H](C)C1=C(C=C(C=C1)C)C)N(C2=CC=CC(=C2)C)S(=O)(=O)C;;;;;;
C1CCN([C@@H](C1)C(=O)NCCN2CCNC2=O)CC3=CC=CC=C3;;;;;;
CC[C@@H](C(=O)NC1=CC=C(C=C1)CC#N)N(C2=C(C=CC(=C2)C)C)S(=O)(=O)C;;;;;;
CC[C@@H](C(=O)N1CCN(CC1)CC2=CC=CC=C2)N(C3=C(C=CC(=C3)C)C)S(=O)(=O)C;;;;;;
CC(C)(C)N1C=CC(=C1)C(=O)N2CCC[C@@H](C2)C3=CC=CC=C3;;;;;;
CC[C@@H](C(=O)NC1=CC(=CC=C1)OCC=C)N(C2=C(C=CC(=C2)C)C)S(=O)(=O)C;;;;;;
CC[C@@H](C(=O)N[C@H](C)COC1=CC=C(C=C1)OC)N(C2=C(C=CC(=C2)C)C)S(=O)(=O)C;;;;;;
CC[C@H](C(=O)NCC1=CC=CC(=C1)C)N(C2=C(C=CC(=C2)C)C)S(=O)(=O)C;;;;;;
C1CCO[C@@H](C1)COCC(=O)NCC2=NC(=CS2)C3=CC=C(C=C3)F;;;;;;
CC[C@H](C(=O)NCC1=CC(=CC=C1)OCC)N(C2=C(C=CC(=C2)C)C)S(=O)(=O)C;;;;;;
CC(=O)N1CCO[C@@H](C1)CNC(=O)C2=C(C=CC(=C2)F)OC;;;;;;
CC[C@H](C1=CC=C(C=C1)C)NC(=O)[C@@H](CC)N(C2=C(C=CC(=C2)C)C)S(=O)(=O)C;;;;;;
C1CC1[C@H](C2=NN3CCN(CC3=C2)C(=O)C4=CC=C(C=C4)S(=O)(=O)N)O;;;;;;
CC[C@H](C1=CC=C(C=C1)C)NC(=O)[C@H](CC)N(C2=C(C=CC(=C2)C)C)S(=O)(=O)C;;;;;;
CC[C@H](C(=O)N[C@@H](C)C1=CC(=C(C=C1)C)C)N(C2=C(C=CC(=C2)C)C)S(=O)(=O)C;;;;;;
CC[C@@H](C1=CC(=C(C=C1)C)C)NC(=O)[C@H](CC)N(C2=C(C=CC(=C2)C)C)S(=O)(=O)C;;;;;;
CC[C@@H](C(=O)N[C@@H](C)C1=CC=CC=C1)N(C2=CC(=CC(=C2)C)C)S(=O)(=O)C;;;;;;
C1CN(C[C@@H]1NC2=NC=NC=N2)CC3=CC=CC=C3;;;;;;
CN1C(=O)C2(CCN(CC2)C(=O)[C@@H]3CCC4=CC=CC=C4O3)N(C1=O)C;;;;;;
CCC1=CC=CC=C1NC(=O)[C@H](CC)N(C2=CC(=CC(=C2)C)C)S(=O)(=O)C;;;;;;
CC[C@@H](C(=O)NC1=CC=C(C=C1)Cl)N(C2=CC(=CC(=C2)C)C)S(=O)(=O)C;;;;;;
CC[C@H](C(=O)NC1=CC=C(C=C1)Cl)N(C2=CC(=CC(=C2)C)C)S(=O)(=O)C;;;;;;
CC[C@@H](C(=O)NC1=CC=CC2=CC=CC=C21)N(C3=CC(=CC(=C3)C)C)S(=O)(=O)C;;;;;;
CC[C@@H](C(=O)NC1=CC(=CC=C1)OC)N(C2=CC(=CC(=C2)C)C)S(=O)(=O)C;;;;;;
CC[C@H](C(=O)NC1=CC=C(C=C1)OC)N(C2=CC(=CC(=C2)C)C)S(=O)(=O)C;;;;;;
CC[C@@H](C(=O)NC1=CC=CC=C1OCC)N(C2=CC(=CC(=C2)C)C)S(=O)(=O)C;;;;;;
CC1=CC(=C(C=C1)C(=O)NCC[C@@H]2CCOC2)F;;;;;;
CC[C@@H](C(=O)NC1=CC=C(C=C1)C(=O)OCC)N(C2=CC(=CC(=C2)C)C)S(=O)(=O)C;;;;;;
CN1C=C(C=N1)[C@H](C2CC(C2)O)NC(=O)CCN3C4=CC=CC=C4N=N3;;;;;;
CC[C@H](C(=O)NCC1=C(C=C(C=C1)Cl)Cl)N(C2=CC(=CC(=C2)C)C)S(=O)(=O)C;;;;;;
CN(C)[C@H](C1=CC(=CC=C1)F)C(=O)NC2(CCCCC2)CC(=O)O;;;;;;
CC[C@@H](C(=O)NC1=C(C=CC(=C1)C)C)N(C2=CC(=CC=C2)OC)S(=O)(=O)C;;;;;;
C1C(CC1O)[C@@H](CC2=CC=NC=C2)NC(=O)NCC3=CC(=CC=C3)F;;;;;;
C1CN(CCC1N[C@H](C2CC(C2)O)C3=CC=CS3)C(=O)C4=NC=CN=C4;;;;;;
CC[C@H](C(=O)NC1=CC=CC=C1OCC)N(C2=CC=C(C=C2)OCC)S(=O)(=O)C;;;;;;
CC[C@@H](C(=O)NC1=CC=C(C=C1)OCC)N(C2=CC=C(C=C2)OCC)S(=O)(=O)C;;;;;;
CC[C@@H](C(=O)NCCSCC1=CC=CO1)N(C2=CC=C(C=C2)OCC)S(=O)(=O)C;;;;;;
CC[C@@H](C(=O)NC1=CC=CC=C1C(C)C)N(C2=CC=C(C=C2)OCC)S(=O)(=O)C;;;;;;
CCC1=CC=CC(=C1NC(=O)[C@H](CC)N(C2=CC=C(C=C2)OCC)S(=O)(=O)C)C;;;;;;
CC[C@H](C(=O)NCC1=CC=CC=C1Cl)N(C2=CC=C(C=C2)OCC)S(=O)(=O)C;;;;;;
CN1C=C(C(=O)NC1=O)C(=O)N2CCC[C@@H]2C3=NC4=CC=CC=C4N3C;;;;;;
C1C[C@@H](CN(C1)C(=O)CN2C=NC3=CC=CC=C32)CC4=NC(=NO4)C5CC5;;;;;;
COC1=CC=CC(=C1OC)[C@@H]2CCN(C2)C(=O)C3=CN=CN3;;;;;;
C1C[C@@H](CN(C1)C(=O)C2=NN3CCCOC3=C2)CC4=NC(=NO4)C5CC5;;;;;;
CC(C)O[C@H](CC1=CC(=CC=C1)Cl)C(=O)O;;;;;;
CC1=CC=CC=C1C2=NOC(=N2)C[C@@H]3CCCN(C3)C(=O)CN4C=NC(=C(C4=O)C)C;;;;;;
CC1=CN=C(C=N1)C(=O)N2CCC[C@H](C2)CC3=NC(=NO3)C4=NC=CN=C4;;;;;;
C1C[C@@H](CN(C1)C(=O)CN2CCOC2=O)CC3=NC(=NO3)C4=CSC=C4;;;;;;
COC(=O)[C@H]1[C@@H](C(=C(NC1=O)SCCC2=CC=CC=C2)C#N)C3=CC=C(C=C3)Cl;;;;;;
C1CN2C(=CC(=N2)[C@@H](CO)O)CN1CC3=CC=C(C=C3)C#N;;;;;;
CC1=NC(=NN1)[C@@H]2CCCN2C(=O)C3=CN(C=C3)C(C)(C)C;;;;;;
CN1C(=NN=C1[C@H]2CCCN(C2)C(=O)CCC(=O)NC3=CC=CC=C3)CO;;;;;;
COCCN1C[C@@H](CC1=O)CNC(=O)C2=NC=CN=C2;;;;;;
CC1=CC(=C(N1C)C)C(=O)NC[C@H](C2=CC=CC=N2)N3CCOCC3;;;;;;
C[C@H]1CN(CCO1)S(=O)(=O)N[C@H](C)C2=NOC(=N2)C;;;;;;
C[C@H](CNC(=O)N[C@@H]1CC[C@H](C1)N(C)C)C2=CC=CS2;;;;;;
C[C@H](CNC(=O)N[C@H]1CC[C@H](C1)N(C)C)C2=CC=CS2;;;;;;
CN1C=CC(=C1)[C@@H](C(F)(F)F)NC(=O)[C@@H]2CCC[C@H]2C(=O)OC;;;;;;
C[C@H](C(=O)NC1=NC=CC=N1)N2CCS[C@H](C2)C3=CC=CC=C3;;;;;;
C[C@@H]1CCCN(C1)C[C@H](C)NS(=O)(=O)C2=CC=CC3=C2N=CC(=C3)C;;;;;;
C[C@]12CC[C@@H](C1(C)C)C[C@@H]2NS(=O)(=O)CC3(COC3)C;;;;;;
CC1([C@H]2CC[C@@]1(C(=O)C2)CS(=O)(=O)N[C@H](C3=CC(=CC=C3)OC)C4=NC=CN4C)C;;;;;;
C1C[C@@H]2[C@@H]3CN(C[C@H]3[C@@H]1O2)C(=O)C4=CC=C(C=C4)C5=NOC(=N5)C(F)(F)F;;;;;;
C[C@H](CC(C)C)N1CCC[C@H](C1)C2=CC=NN2;;;;;;
CS(=O)(=O)N(CCCC(=O)NCC1=CC2=C(C=C1)OCO2)C3=CC(=CC=C3)[N+](=O)[O-];;;;;;
CCOC(=O)C1=CC=C(C=C1)NC(=O)C2CCC(CC2)N3C(=O)[C@H]4[C@@H]5C=C[C@@H]([C@H]4C3=O)[C@@H]6[C@H]5C6;;;;;;
C[C@@]1([C@@H]2[C@H]([C@H](N1)C3=CC=CC=C3F)C(=O)N(C2=O)C)C(=O)OC;;;;;;
CC1=C(C(=CC=C1)C)N(CC(=O)N(CC2=CC=CC=C2Cl)[C@@H](C)C(=O)NC)S(=O)(=O)C;;;;;;
CC1=C(SC=N1)C(=O)N[C@@H](CC2=CC=NC=C2)C3CC(C3)O;;;;;;
CCOC(=O)C1CCN(CC1)C(=O)C2=CC(=CC=C2)N(C)S(=O)(=O)C3=CC=CC=C3;;;;;;
CC[C@H](C(=O)NC(C)C)N(CC1=CC=CC=C1Cl)C(=O)CN(C2=CC(=C(C=C2Cl)Cl)Cl)S(=O)(=O)C;;;;;;
CC[C@H](C(=O)NC(C)C)N(CC1=CC=CC=C1Cl)C(=O)CN(C2=CC(=C(C=C2)F)Cl)S(=O)(=O)C;;;;;;
COC1=CC=CC(=C1)CN([C@@H](CC2=CC=CC=C2)C(=O)NC3CCCCC3)C(=O)CN(C4=CC=CC=C4F)S(=O)(=O)C;;;;;;
CNC(=O)[C@@H](CC1=CC=CC=C1)N(CC2=CC=CC=C2F)C(=O)CCCN(C3=CC=C(C=C3)Cl)S(=O)(=O)C;;;;;;
CCOC1=CC=CC=C1N(CC(=O)N(CC2=CC=CC(=C2)C)[C@@H](CC3=CC=CC=C3)C(=O)NCC(C)C)S(=O)(=O)C4=CC=C(C=C4)SC;;;;;;
CNC(=O)[C@H](CC1=CC=CC=C1)N(CC2=CC=CC=C2F)C(=O)CCCN(C3=CC=CC(=C3)C(F)(F)F)S(=O)(=O)C;;;;;;
CC1=CC(=C(C=C1)N(CC(=O)N(CC2=CC=C(C=C2)Cl)[C@H](C)C(=O)NC)S(=O)(=O)C)C;;;;;;
CN1CCN(CC1)CC[C@@H]2CCCCN2C(=O)C3=CC=CNC3=O;;;;;;
CC1=CC=C(C=C1)S(=O)(=O)N(CC(=O)N(CC2=CC=C(C=C2)F)[C@@H](CC3=CC=CC=C3)C(=O)NC)C4=CC(=C(C=C4)C)C;;;;;;
CC1=C(C=C(C=C1)C(=O)NC2=CC=CC=C2OC3=CC=CC=C3)N4CCCCS4(=O)=O;;;;;;
C[C@H]1CN2[C@H]([C@H](N=C2S1)C3=CC=CC=N3)C4=CC(=C(C(=C4)OC)O)[N+](=O)[O-];;;;;;
CC(C)CNC(=O)[C@@H](CC1=CC=CC=C1)N(CC2=CC=CC=C2Cl)C(=O)CN(C3=CC(=CC=C3)[N+](=O)[O-])S(=O)(=O)C4=CC=CC=C4;;;;;;
C[C@H]1CN2[C@H]([C@@H](N=C2S1)C3=CC=CC=N3)C4=C(N(C(=C4)C)C5CC5)C;;;;;;
CC1=C(C(=CC=C1)N2CCN(CC2)C(=O)C3=CN=C(N=C3)C4CC4)C;;;;;;
COC(=O)C1=CN(C2=CC=CC=C21)C(=O)C3CCN(CC3)CC4=CC=C(C=C4)Cl;;;;;;
C1CCC(C1)[C@H](CNC(=O)CC2=CC=CC=N2)C3=CC=CC=C3;;;;;;
CC1=CC=C(C=C1)SCC(=O)N(CC2=CC=CC=C2)[C@H](C)C(=O)NC(C)(C)C;;;;;;
COC(=O)C1=CN(C2=CC=CC=C21)C(=O)C3=CC=C(C=C3)CN4CCCCCC4;;;;;;
C[C@H](COC1=CC=C(C=C1)OC)NC(=O)NC2=CC(=CC=C2)Cl;;;;;;
CC(C)CNC(=O)[C@@H](CC1=CC=CC=C1)N(CC2=CC(=CC=C2)Cl)C(=O)CN(C3=C(C(=CC=C3)Cl)Cl)S(=O)(=O)C4=CC=CC=C4;;;;;;
C[C@H](C1=CC=CC=C1)NS(=O)(=O)C2=CC=C(C=C2)OCC(=O)N(C)CC3=CC(=C(C(=C3)OC)OC)OC;;;;;;
CC[C@@H]1CSC2=N[C@H]([C@H](N12)C3=CC=C(C=C3)F)C4=CC=CC=N4;;;;;;
C[C@@H](C(=O)NC)N(CC1=C(C=C(C=C1)Cl)Cl)C(=O)CN(C2=C(C=CC(=C2)C(F)(F)F)Cl)S(=O)(=O)C3=CC=CC=C3;;;;;;
CCOC1=C(C=CC=N1)C(=O)N[C@H](CC2=CC=CC=N2)C3CC(C3)O;;;;;;
C[C@@H](C(=O)NC)N(CC1=C(C=C(C=C1)Cl)Cl)C(=O)CN(C2=CC=CC=C2)S(=O)(=O)C;;;;;;
CC1=C(C=CC(=C1)S(=O)(=O)N2C=C(C3=CC=CC=C32)C(=O)OC)F;;;;;;
CC[C@H]1CSC2=N[C@H]([C@H](N12)C3=CC(=C(C(=C3)OC)O)[N+](=O)[O-])C4=CC=CC=N4;;;;;;
CCOC1=CC=C(C=C1)S(=O)(=O)N(CC(=O)N(CC2=CC=CC=C2)[C@@H](C)C(=O)NC(C)(C)C)C3=CC=C(C=C3)F;;;;;;
CCOC1=CC=C(C=C1)N(CC(=O)N(CC2=CC(=CC=C2)Cl)[C@@H](CC3=CC=CC=C3)C(=O)NCC(C)C)S(=O)(=O)C4=CC=C(C=C4)F;;;;;;
COC1=C(C=C(C=C1)NC(=O)CCCN(C2=CC=CC=C2F)S(=O)(=O)C)Cl;;;;;;
CC[C@@H](C(=O)NC(C)C)N(CC1=CC=C(C=C1)F)C(=O)COC2=CC=CC=C2C(C)(C)C;;;;;;
CCC1=CC(=C(C=C1)CC)CNC(=O)C2=C(C=C(C=C2)Cl)F;;;;;;
CC1=CC2=C(C=C1)OC(C[C@H]2NC(=O)CCC3=CC4=C(C=C3)OCO4)(C)C;;;;;;
C[C@@H](C(=O)NC)N(CC1=C(C=C(C=C1)Cl)Cl)C(=O)CN(C2=CC=CC=C2Br)S(=O)(=O)C;;;;;;
C[C@@H](C1=CC2=C(C=C1)OCCO2)NC(=O)C3=CC=C(C=C3)CN4CCC5=CC=CC=C5C4;;;;;;
CC(C)CNC(=O)[C@@H](CC1=CC=CC=C1)N(CC2=CC(=CC=C2)Cl)C(=O)CCCN(C3=CC4=C(C=C3)OCCO4)S(=O)(=O)C;;;;;;
CC[C@H]1CSC2=N[C@H]([C@H](N12)C3=CC(=C(C=C3)N4CCCC4)OC)C5=CC=CC=N5;;;;;;
CCC1=CC=CC=C1N(CC(=O)N(CC2=CC=CC=C2C)[C@@H](C)C(=O)NC(C)(C)C)S(=O)(=O)C3=CC=C(C=C3)C;;;;;;
CC1=CC=C(C=C1)N(CC(=O)N(CC2=CC(=C(C=C2)Cl)Cl)[C@@H](C)C(=O)NC)S(=O)(=O)C3=CC=CC=C3;;;;;;
CC(C)CNC(=O)[C@@H](CC1=CC=CC=C1)N(CC2=CC=C(C=C2)Cl)C(=O)CN(C3=CC=C(C=C3)I)S(=O)(=O)C4=CC=CC=C4;;;;;;
CC(C)CNC(=O)[C@@H](CC1=CC=CC=C1)N(CC2=CC=C(C=C2)Cl)C(=O)CN(C3=CC=C(C=C3)C(C)(C)C)S(=O)(=O)C;;;;;;
CC[C@@H]1CSC2=N[C@H]([C@H](N12)C3=C(N(C(=C3)C)C4=CC=C(C=C4)Br)C)C5=CC=CC=N5;;;;;;
CC1=C(C=CC=C1Cl)N(CC(=O)N(CC2=CC(=C(C=C2)Cl)Cl)[C@@H](C)C(=O)NC)S(=O)(=O)C;;;;;;
CC1=CC=C(C=C1)CNC(=O)[C@H](C)N(CC2=CC=CC=C2)C(=O)COC3=CC=C(C=C3)S(=O)(=O)NC4=CC=C(C=C4)F;;;;;;
CC1=CC=CC=C1N(CC(=O)N(CC2=CC(=C(C=C2)Cl)Cl)[C@H](C)C(=O)NC)S(=O)(=O)C3=CC=C(C=C3)Cl;;;;;;
C1CCN(C1)C(=O)CC2=CC=C(C=C2)NC(=O)COC3=CC=C(C=C3)S(=O)(=O)N4CCOCC4;;;;;;
C[C@H](C(=O)NC)N(CC1=CC(=C(C=C1)Cl)Cl)C(=O)COC2=CC=C(C=C2)C(C)C;;;;;;
CC[C@@H](C)NC(=O)C1=CC=CC=C1NC(=O)CSCC2=C(C=C(C=C2)Cl)Cl;;;;;;
CN1[C@H]([C@@H](NC1=S)C2=CC=CC=N2)C3=CC=CN3;;;;;;
C[C@@H](C(=O)NC)N(CC1=CC(=C(C=C1)Cl)Cl)C(=O)CCC2=CC=CC3=CC=CC=C32;;;;;;
CC1=CC=C(C=C1)CSCC(=O)N(CC2=CC(=CC=C2)Br)[C@H](CC3=CC=CC=C3)C(=O)NCC(C)C;;;;;;
CC1=CC=C(C=C1)[C@@H](C)NC(=O)COC2=CC=CC=C2C(C)C;;;;;;
C[C@H](C(=O)NCC1=CC=CC=C1)N(CC2=CC=C(C=C2)Cl)C(=O)CCC3=CC=C(C=C3)S(=O)(=O)NC4CC4;;;;;;
CC(C)CNC(=O)[C@H](CC1=CC=CC=C1)N(CC2=CC(=CC=C2)Br)C(=O)CN(C3=CC=CC=C3)S(=O)(=O)C4=CC=C(C=C4)F;;;;;;
C[C@@H](C(=O)NC[C@@H]1CCCO1)N(CC2=CC=C(C=C2)Cl)C(=O)CCC3=CC=C(C=C3)S(=O)(=O)NC4CC4;;;;;;
C[C@H](C(=O)NC)N(CC1=CC(=CC=C1)OC)C(=O)CCSCC2=CC=CC=C2;;;;;;
C[C@@H](C(=O)NC(C)(C)C)N(CC1=CC=CC=C1Cl)C(=O)CN(C2=C(C=CC(=C2)Cl)Cl)S(=O)(=O)C3=CC=CC=C3;;;;;;
C1C[C@@H](CN(C1)S(=O)(=O)CC2=CC=C(C=C2)Cl)C(=O)NCC3=CC4=CC=CC=C4C=C3;;;;;;
C[C@@H](C(=O)NC(C)(C)C)N(CC1=CC=C(C=C1)Cl)C(=O)CSCC2=C(C=CC=C2Cl)F;;;;;;
CC1=CC(=C(N1C2=CC=CC=C2C(F)(F)F)C)[C@@H]3[C@H](NC(=S)N3C(C)C)C4=CC=CC=N4;;;;;;
CC[C@H](C(=O)NC(C)C)N(CC1=CC(=CC=C1)OC)C(=O)CN(C2=CC=CC=C2)S(=O)(=O)C3=CC=C(C=C3)F;;;;;;
CC1=CC=CC=C1CS(=O)(=O)N2CCC(CC2)C(=O)N[C@@H](C)C3=C(C=CC(=C3)OC)OC;;;;;;
CC[C@H](C(=O)NC(C)C)N(CC1=CC(=CC=C1)OC)C(=O)COC2=CC(=C(C=C2)C)C;;;;;;
CC(C)N1[C@H]([C@@H](NC1=S)C2=CC=CC=N2)C3=CC=CN3C4=NC=C(C=C4)Cl;;;;;;
CC[C@H](C(=O)NC(C)C)N(CC1=CC=C(C=C1)OC)C(=O)CSC2=CC=C(C=C2)Cl;;;;;;
CC(C)N1[C@@H]([C@H](NC1=S)C2=CC=CC=N2)C3=CC=C(O3)C4=C(C=C(C=C4)[N+](=O)[O-])OC;;;;;;
CC1=CC=C(C=C1)S(=O)(=O)N(CC(=O)N(CC2=CC(=CC=C2)OC)[C@@H](CC3=CC=CC=C3)C(=O)NC)C4=CC(=C(C=C4)OC)Cl;;;;;;
CC[C@@H](C(=O)NC(C)C)N(CC1=CC=C(C=C1)OC)C(=O)CCC2=CC=CC=C2;;;;;;
CCOC1=CC=CC=C1N(CCCC(=O)N(CC2=CC=C(C=C2)OC)[C@@H](C)C(=O)NC)S(=O)(=O)C;;;;;;
CC1=CC(=CC=C1)CSCC(=O)N(CC2=CC=C(C=C2)Br)[C@H](CC3=CC=CC=C3)C(=O)NCC(C)C;;;;;;
CCCN1[C@H]([C@@H](NC1=S)C2=CC=CC=N2)C3=C(N(C(=C3)C)C4=CC=CC=C4Cl)C;;;;;;
CCCN1[C@@H]([C@@H](NC1=S)C2=CC=CC=N2)C3=C(N(C(=C3)C)C4=CC=CC=C4O)C;;;;;;
CC(C)CNC(=O)[C@H](CC1=CC=CC=C1)N(CC2=C(C=C(C=C2)Cl)Cl)C(=O)CN(C3=C(C=CC(=C3)Cl)OC)S(=O)(=O)C4=CC=CC=C4;;;;;;
CC1=CC(=CC(=C1)O[C@@H](C)C(=O)NCC2=CC=CC3=CC=CC=C32)C;;;;;;
CC[C@H](C(=O)NC(C)C)N(CC1=CC=C(C=C1)OC)C(=O)CCCN(C2=C(C=CC(=C2)C)C)S(=O)(=O)C;;;;;;
CC1=CC=C(C=C1)S(=O)(=O)N(CC(=O)N(CCC2=CC=CC=C2)[C@@H](C)C(=O)NC)C3=CC(=C(C=C3)C)C;;;;;;
CCCCCNC(=O)[C@H](C)N(CC1=CC=C(C=C1)F)C(=O)CC2=CC(=C(C=C2)OC)OC;;;;;;
C1CN(C2=C1C=CC(=C2)NC(=O)CCC3=CC=C(C=C3)S(=O)(=O)N4CCOCC4)S(=O)(=O)C5=CC=C(C=C5)Cl;;;;;;
CCCN1[C@@H]([C@@H](NC1=S)C2=CC=CC=N2)C3=CC=C(O3)C4=CC=C(C=C4)F;;;;;;
CCC1=CC=C(C=C1)O[C@H](CC)C(=O)N2CCN(CC2)S(=O)(=O)C3=CC=C(C=C3)C;;;;;;
C1C[C@@H](CN(C1)C(=O)CCC2=CC(=CC=C2)F)C#N;;;;;;
CC1=CC=C(C=C1)S(=O)(=O)N(CC(=O)N(CC2=C(C=C(C=C2)Cl)Cl)[C@@H](C)C(=O)NC(C)(C)C)C3=C(C(=CC=C3)Cl)Cl;;;;;;
C[C@@H](C(=O)NC(C)(C)C)N(CC1=CC(=C(C=C1)Cl)Cl)C(=O)CN(C2=CC=CC=C2)S(=O)(=O)C3=CC=CC=C3;;;;;;
CC(C)CNC(=O)[C@H](CC1=CC=CC=C1)N(CC2=CC(=C(C=C2)Cl)Cl)C(=O)CC3=C(C=CC=C3Cl)Cl;;;;;;
CC[C@@H](C(=O)NC)N(CC1=CC=CC=C1)C(=O)CN(C)S(=O)(=O)C2=CC3=CC=CC=C3C=C2;;;;;;
CC[C@@H](C(=O)NC1=C(C=CC(=C1)C(=O)OCC)C)OC2=C(C=C(C=C2)C)C;;;;;;
CCCCNC(=O)[C@H](C)N(CC1=CC=CC=C1C)C(=O)CC2=CC=CC=C2[N+](=O)[O-];;;;;;
CCNC(=O)C1=CC(=C(C=C1)OC)S(=O)(=O)N(C)CC2=CC=CC=C2F;;;;;;
CC1=CC(=C(N1C2=CC=CC=C2O)C)[C@H]3[C@@H](NC(=S)N3CCCOC)C4=CC=CC=N4;;;;;;
CCCCNC(=O)[C@@H](C)N(CC1=CC=C(C=C1)C)C(=O)CSCC2=C(C=CC=C2Cl)Cl;;;;;;
COC1=C(C=C(C=C1)CC(=O)N(CC2=CC=C(C=C2)Cl)[C@H](CC3=CC=CC=C3)C(=O)NCC4=CC=NC=C4)OC;;;;;;
CC1=CC(=C(N1C2=CC=CC(=C2)C(F)(F)F)C)[C@@H]3[C@@H](NC(=S)N3CCN4CCOCC4)C5=CC=CC=N5;;;;;;
CC1=CC(=CC=C1)OCC(=O)N(CCC2=CC=CC=C2)[C@@H](C)C(=O)NC(C)(C)C;;;;;;
CC1=CC=C(C=C1)S(=O)(=O)N[C@@H](C)C2=CC3=C(CCC3)C=C2;;;;;;
CC1=CC(=C(C=C1)C(C)C)O[C@@H](C)C(=O)NCCCC2=CC(=CC=C2)OC;;;;;;
CC[C@H](C)NC(=O)[C@H](C)N(CC1=CC(=CC=C1)Br)C(=O)COC2=CC=CC(=C2C)C;;;;;;
CC[C@H](C(=O)NC(C)(C)C)N(CC1=CC=CC=C1C)C(=O)CN(C2=C(C=CC=C2C)C)S(=O)(=O)C;;;;;;
CC[C@H](C(=O)NC)N(CC1=CC=C(C=C1)F)C(=O)CCSC2=CC=CC=C2;;;;;;
CCC[C@H](C(=O)NN)N1C2=CC=CC=C2[C@H](CC1(C)C)C;;;;;;
CCN1C(=CC(=C1C)[C@H]2[C@H](NC(=S)N2CCCN(C)C)C3=CC=CC=N3)C;;;;;;
COC1=CC=C(C=C1)CN([C@H](CC2=CC=CC=C2)C(=O)NCCCO)C(=O)COC3=CC=C(C=C3)S(=O)(=O)N4CCOCC4;;;;;;
CC[C@@H](C1=CC(=C(C=C1)OC)C)NC(=O)[C@H](C)OC2=CC=CC=C2C;;;;;;
CC[C@H](C(=O)NC)N(CC1=CC=C(C=C1)F)C(=O)CC2=C(C=CC=C2Cl)F;;;;;;
CC[C@@H](C)NC(=O)[C@H](C)N(CC1=CC=C(C=C1)Br)C(=O)COC2=C(C3=CC=CC=C3C=C2)Br;;;;;;
CC[C@H](C(=O)NC)N(CC1=CC=C(C=C1)F)C(=O)CC2=C(C=CC=C2Cl)Cl;;;;;;
CC[C@@H](C)NC(=O)[C@@H](C)N(CC1=CC=C(C=C1)Br)C(=O)COC2=CC=CC3=CC=CC=C32;;;;;;
CC(=O)NC1=NN=C(S1)S(=O)(=O)N[C@H]2C[C@@H]3CC[C@@H]2C3;;;;;;
CC(=O)NC1=NN=C(S1)S(=O)(=O)N[C@H]2C[C@H]3CC[C@@H]2C3;;;;;;
CC1=CC=C(C=C1)OC[C@H](C)NS(=O)(=O)C2=CC(=C(C=C2)Cl)C(=O)OC;;;;;;
COC1=CC=C(C=C1)CN([C@H](CC2=CC=CC=C2)C(=O)NCC3=CC4=C(C=C3)OCO4)C(=O)CCC5=CC=C(C=C5)S(=O)(=O)N6CCCC6;;;;;;
C[C@H]1CC2=CC=CC=C2N1S(=O)(=O)C3=CC=C(C=C3)O[C@@H](C)C(=O)NC4CCCCC4;;;;;;
CN(CCNS(=O)(=O)C1=CC(=C(C=C1)Cl)C(=O)OC)C2=CC=CC=C2;;;;;;
CC[C@H](C)NC(=O)[C@H](C)N(CC1=CC=C(C=C1)Br)C(=O)CC2=CC=CC=C2Cl;;;;;;
COC1=CC=CC=C1NS(=O)(=O)C2=NN=C(S2)NC(=O)C3=CC=CC=C3Cl;;;;;;
CC1=CC=C(C=C1)N2C=CC=C2[C@H]3[C@@H](NC(=S)N3CCN(C)C)C4=CC=CC=N4;;;;;;
CCCCNC(=O)[C@H](CC)N(CC1=CC=C(C=C1)F)C(=O)CCCOC2=CC=CC=C2;;;;;;
CCC(CC)NC(=O)C1=C(C=CC(=C1)NS(=O)(=O)C2=CC=C(C=C2)OC)Cl;;;;;;
CC[C@@H](C(=O)NCC)N(CC1=CC=C(C=C1)OC)C(=O)CN2C(=O)C3=CC=CC=C3S2(=O)=O;;;;;;
C1COCCN1CC2=CC=C(C=C2)CNC(=O)C3=C(C=CC(=C3)Cl)OCC4=CC=CC=C4;;;;;;
CC[C@H](C(=O)NC1CCCC1)N(CC2=CC=C(C=C2)OC)C(=O)CN(C3=CC4=C(C=C3)OCO4)S(=O)(=O)C;;;;;;
CC1=CC(=CC=C1)C(=O)NC2=NN=C(S2)S(=O)(=O)N[C@H](C)C3=CC=C(C=C3)F;;;;;;
C1=CC=C(C(=C1)N2[C@@H]([C@@H](NC2=S)C3=CC=CC=N3)C4=CC=CN4)O;;;;;;
C1CCN(C1)CC2=CC=CC(=C2)CNC(=O)/C(=C/C3=CC(=CC=C3)[N+](=O)[O-])/C4=CC=CC=C4;;;;;;
CC1=CC=C(C=C1)S(=O)(=O)N(CC(=O)N(CC2=CC(=CC=C2)Cl)[C@@H](C)C(=O)NC(C)C)C3=CC=C(C=C3)C(C)C;;;;;;
COC1=CC=C(C=C1)S(=O)(=O)N(CC(=O)NCC2=CC(=CC=C2)CN3CCCCC3)C4=CC=C(C=C4)Cl;;;;;;
CCCNC(=O)[C@@H](C)N(CC1=CC=CC=C1Cl)C(=O)CSCC2=CC(=CC=C2)Cl;;;;;;
CS(=O)(=O)N(CC1=CC=C(C=C1)C(=O)NCCOC2=CC=C(C=C2)F)C3=CC(=C(C=C3)F)Cl;;;;;;
CC1=CC(=C(N1C2=C(C=C(C=C2)Cl)Cl)C)[C@H]3[C@H](NC(=S)N3C4=C(C=CC(=C4)OC)OC)C5=CC=CC=N5;;;;;;
CC1=C(C(=CC=C1)N(CCCC(=O)N(CC2=CC=C(C=C2)F)[C@@H](CC3=CC=CC=C3)C(=O)NC(C)C)S(=O)(=O)C)C;;;;;;
CS(=O)(=O)N(CC(=O)N(CC1=C(C=C(C=C1)Cl)Cl)[C@@H](CC2=CC=CC=C2)C(=O)NC3CCCCC3)C4=CC(=CC=C4)Br;;;;;;
CNC(=O)[C@H](CC1=CC=CC=C1)N(CC2=CC=CC=C2)C(=O)CN(C3=CC(=CC=C3)OC)S(=O)(=O)C4=CC=CC=C4;;;;;;
CCCCNC(=O)[C@@H](CC1=CC=CC=C1)N(CC2=CC=C(C=C2)F)C(=O)CN(C3=C(C=CC(=C3)C(F)(F)F)Cl)S(=O)(=O)C;;;;;;
COC1=C(C=C(C=C1)Cl)NS(=O)(=O)C2=CC=CC(=C2)C(=O)NN;;;;;;
CN(CC[C@H]1CCCO1)CC(=O)NC2=CC=CC=C2Br;;;;;;
C1=CC=C2C(=C1)C(C3=CC=CC=C32)COC(=O)N[C@@H](C4=CC=C(C=C4)OP(=O)(O)O)C(=O)O;;;;;;
C1=CC(=NC(=C1[N+](=O)[O-])N)OC(C(F)(F)F)C(F)(F)F;;;;;;
CNC1=NC(=C(C=C1Cl)Cl)OC2=C(C(=CC=C2)Cl)F;;;;;;
CN1C(=CC=N1)CCC(C2=CC(=C(C(=C2)F)F)F)O;;;;;;
C[C@@H](C1=CC(=C(C=C1)OC2=C(C=CC(=C2)[N+](=O)[O-])Br)Cl)O;;;;;;
C1=CC(=CC=C1/C=C/C(=O)O)OCC2=CC(=C(C=C2)F)Cl;;;;;;
CCCNC(CC1=C(C=CC(=C1)Cl)F)COC(C)(C)C;;;;;;
CCOC(=O)C(CC1=CN=C(C=N1)Cl)C#N;;;;;;
C1CSCC1NC2=C(C=C(C=C2)N)F;;;;;;
CN(C)CCOCCNS(=O)(=O)C1=CC=CC(=C1C#N)F;;;;;;
C1CCN(CC1)C2=CC=C(C=C2)CNCCOCC(F)F;;;;;;
C1=CC(=C(C=C1Cl)[N+](=O)[O-])NCCOCC(F)F;;;;;;
C1=CC(=C(C=C1NCCOCC(F)F)C(F)(F)F)C#N;;;;;;
C(COCC(F)F)NS(=O)(=O)CBr;;;;;;
CC(C)CNC(C)C1=NN=NN1C2=CC(=C(C=C2Cl)Cl)Cl;;;;;;
CCNC(C)C1=NN=NN1C(C)C2CCCC2;;;;;;
CC1=C(C(=CC=C1)N2C(=NN=N2)C(C)NCCOC)Br;;;;;;
CCCNC(C)C1=NN=NN1C2=CC=CC(=C2Br)C;;;;;;
CCNC1=NC(=C2C=CSC2=N1)N(C)C3CCOCC3;;;;;;
C1C(C2=CC=CC=C2O1)N3C(=O)C(=C(NC3=O)Cl)F;;;;;;
CC1CCC(CC1)CNC(=O)C(C)C(C)N;;;;;;
CCC1CCN(C1)CC2=CC(=CC(=C2)F)N;;;;;;
CCC1CCN(C1)CC(=O)NC2=CC(=C(C=C2)Cl)N;;;;;;
CC(C(=O)NC1=C(C=CC(=C1)C(=O)O)OC)S(=O)(=O)C;;;;;;
CCC(CO)(CO)NC(=O)C1=CC(=NC=C1)Br;;;;;;
CCCOC1=CC=CC=C1C(CCCOC)O;;;;;;
CCCOC1=CC=CC=C1C(CSCC)O;;;;;;
CCC1=NN(C(=C1Cl)CC(C2CCC(O2)C)NCC)CC;;;;;;
CC1=CSC=C1C(CC2=NC=NN2C(C)C)NN;;;;;;
CCOC(C(C1=NC=CN1C)NN)C(C)(C)C;;;;;;
CC1CCC(CC1)(C(C2=CC=C(S2)Cl)NN)OC;;;;;;
CCCN1C(=NC=N1)CC(C2=C(C=C(C=C2)Br)F)NN;;;;;;
CC1=CC(=CC(=C1)Cl)C(CC2CC2)NN;;;;;;
CC1=CC(=CC=C1)CCC(CC2CC2)NN;;;;;;
CC1=C(C=CC=C1Br)C(CC2=C(C(=CC=C2)F)Br)NN;;;;;;
C1CC(OC1)CCC(CCCC(F)(F)F)NN;;;;;;
CC(C)C(C(=O)O)SCC(=O)NC1=CC=C(C=C1)Br;;;;;;
CCC(C(=O)N)SC(C(C)C)C(=O)O;;;;;;
CC(C1=NN(C=N1)CC(=O)NC2=CC(=CC=C2)F)N;;;;;;
CCOC(=O)C1C(CC(=O)N1)(C)C2=C(C=C(C=C2)Cl)Cl;;;;;;
CCCNCC1CCCCN1S(=O)(=O)C2CCCC2;;;;;;
COCCNCC1CCCCN1S(=O)(=O)C2CCCC2;;;;;;
CCC1=C(N=NC(=N1)NC2=CC(=C(C=C2)C(=O)O)Cl)CC;;;;;;
CCC1=C(N=NC(=N1)NC(C)C(=O)OC)CC;;;;;;
CC1CC2=CC=CC=C2N(C1)C(=O)C3=C(C(=NC=C3)F)F;;;;;;
CC(C)N1CCC(C1)N2C(=CC=N2)CN;;;;;;
C1CSCCC2=NC(=NC=C21)C(=O)O;;;;;;
C1CS(=O)(=O)CCC1(CC(=O)O)CO;;;;;;
CC(C)C1=C2C=CC=C(C2=NN1C)C3(CC3)N;;;;;;
CC1=CC=C(C=C1)C2(C[C@H]2CN)C3CCCC3;;;;;;
C1CCC(CC1)C2=NOC3=C(C=CC=C23)CN;;;;;;
C1CSCCC12CN(C(=O)O2)CCCN;;;;;;
CCOC1=NC(=NC2=C1CCNC2)C3CCC3;;;;;;
CCCOCCC(=O)NCC1(CCOC1)O;;;;;;
CCCCC(CC)(CNCC)C[Si](C)(C)C;;;;;;
CC(C)C1CNC2(CCCC2)CN1CCN3CCSCC3;;;;;;
CCC(C)(CC)NC1=C(C=C(C=C1)C(=O)NCC)N;;;;;;
CCC(C)(CC)NCC1CSC2=CC=CC=C12;;;;;;
CCC(C)(CC)NS(=O)(=O)C1=CC(=CC(=C1Cl)CO)Cl;;;;;;
COC1=CC(=C(C=C1)C#N)NCCC2=NOC=N2;;;;;;
CC1C(=O)NC2(CCCC2)C(=O)N1CCSCC#C;;;;;;
CC(C)C1C(=O)NC(C(=O)N1CCSCC#C)C2CC2;;;;;;
CCCNC1=CN=C(C=C1)C(=O)NCCSC(F)(F)F;;;;;;
CC1=CC(=C(C=N1)C(=O)NCCSC(F)(F)F)NC;;;;;;
CCNC1=NC(=CC(=C1)C(=O)NCCSC(F)(F)F)C;;;;;;
COC1=CC=C(C=C1)CCNCC(C2=CSC=C2)O;;;;;;
C/C(=C\\Cl)/COC1=C(C(=CC=C1)Cl)CNCCOC;;;;;;
C/C(=C/Cl)/CN1C=CC2=C1C=CC(=C2)Br;;;;;;
CC(C)([C@@H](C(=O)O)N)SCCOC1=CC=CC=C1F;;;;;;
CCCNC(C1CSCCN1C)C2=C(C=CN=C2N)C;;;;;;
CCCOCCN(CCC#N)C1CC1;;;;;;
CCCOCCSC(C)CN;;;;;;
CC1=CC=CC=C1CC2=NC(=S)C3=C(N2)CCCC3;;;;;;
C1C(=O)NC2=C(O1)C=C(C(=C2)NC(=O)C3=C(OC=C3)Br)N;;;;;;
CC1=CC(=CC(=C1NC(=O)C2=C(OC=C2)Br)N)Br;;;;;;
CC1=CC(=C(N=C1)N(C)CC(C)CNC)Br;;;;;;
CC(CN(C)CC1=CC=C(S1)C(=O)NN)C(=O)NC;;;;;;
CNC(=O)CCN(C)C1CCNCC2=CC=CC=C12;;;;;;
CCNC1=NC2=C(C(=N1)N(C)CCC(=O)NC)NC=N2;;;;;;
CCNC1=NC(=CC(=N1)N(C)CCC(=O)NC)C(F)(F)F;;;;;;
CC1=C(N=C(N=C1N(C)CCC(=O)NC)C)N;;;;;;
CNC(=O)CCN(C)C1=NC(=NC(=C1)C(F)(F)F)N;;;;;;
CC1=C(N=CN=C1N(C)CC(C)C(=O)NC)N;;;;;;
CCNC1=C(C(=CC=C1)N(C)CC(C)C(=O)NC)[N+](=O)[O-];;;;;;
CC(CN(C)C1=NC(=NC2=CC=CC=C21)NC)C(=O)NC;;;;;;
CCCNC(=O)C1=CC=CC(=C1)CNC(=NC)NCC2(CCCC2)CC;;;;;;
CN=C(NCC1=C(C=C(C=C1)F)C(F)(F)F)NC2CCN(C2)C(=O)C3CCCCC3.I;;;;;;
CC1(CC(C2=CC=CC=C2O1)NC(=NC)NCCN3C(=O)C4=CC=CC=C4C3=O)C.I;;;;;;
CCNC(=NCC1C(OC(N1C(=O)OC(C)(C)C)(C)C)C)NCCS(=O)(=O)C;;;;;;
CN=C(NCC1=NC=CN1CCC2=CC=CC=C2)NCC3(CCOC3)CCO.I;;;;;;
CCNC(=NCC1=CC(=CC=C1)COCC2=CC=CC=C2)NCC3(CCOC3)CCO;;;;;;
CCC(=O)N1CCC(C1)NC(=NC)NCCC2=CC=C(C=C2)OCC#C;;;;;;
CC(CNC(=NC)NC1CCN(C1)C(=O)C2CCCC2)C3=CC=CC=C3OC.I;;;;;;
CCNC(=NCC(C)N1CCOCC1)NC(C)CCS(=O)(=O)C;;;;;;
CC(CCS(=O)(=O)C)NC(=NC)NCC(C)(C)CCCC1=CC=CC=C1.I;;;;;;
CC(CCS(=O)(=O)C)NC(=NC)NCC1(CC1)C2=CC=CC=C2F;;;;;;
CC(C)C1=CSC(=N1)CNC(=NC)NCCC2=NN=C3N2CCCCC3;;;;;;
CC1=NN=C(N1C)CN=C(NCC(C)OC2=CC=C(C=C2)Cl)NC3CCCC3;;;;;;
CCCCNC(=NCC1=NN=C(N1C)C)NC2CCN(CC2)CCOC;;;;;;
C1CC(CN(C1)C(=O)C2=C(SC3=C2CCC3)N4C=CC=C4)O;;;;;;
CCC(CCNC(=O)C1=CC2=C(C=C1)N(C(=O)CC2)C)O;;;;;;
CC1=C(C(=O)OC2=CC=CC=C12)C(=O)NC3CCCCCC3CO;;;;;;
C/C(=C/C(=O)NC(CCO)C1=CC=CC=C1)/C(C)(C)C;;;;;;
CCC1(CCN(CC1)C(=O)NC2=CC3=C(C=C2)OC(=N3)N(C)C)CO;;;;;;
CC(C)C1=CC=CC(=N1)COC2=CC=CC=C2CO;;;;;;
CC1=CC=CN2C1=NC(=C2)CCNC(=O)N(C)CCO;;;;;;
CN1C=NC(=N1)CNC(=O)NCC2(CCC3=CC=CC=C32)O;;;;;;
CC1=CC(=CC=C1)OCCN=C(N)NC2CCCCCC2.I;;;;;;
C1CCCC(CC1)NC(=NCC2=CC=C(C=C2)CN3C=CN=C3)N;;;;;;
CC1=CC=CC=C1C(C2CC2)NCC(C)CCO;;;;;;
CC(C)C(CNC(C)C1=C(C=C(C=C1)C#N)F)O;;;;;;
CC1=NC=CC(=N1)CN2CCCC(C2)C3=NC=CN=C3;;;;;;
CC1=C(C2=C(O1)CCCC2)C(=O)N3CCN(CC(C3)C(=O)N)C;;;;;;
C1COC(CN1CC2=C3C=CNC3=CC=C2)CCC4=CC(=NC=C4)N;;;;;;
CC1=CC(=C2C(=C1)NC(=N2)CCC(=O)N3CC[C@@]([C@@H](C3)N4C=CC(=O)NC4=O)(C)O)C;;;;;;
C1=CC=C(C=C1)CNC2=NC=C(C=C2)NC(=O)C3=CC=C(C=C3)N;;;;;;
CCCCCCCCCCC(CSCCSCC(CCCCCCCCCC)O)O;;;;;;
CC1=C2C(=CC=C1)C=C(C(=O)N2)CNC(=O)C(C)(C)C;;;;;;
COC1=CC=CC=C1C2(CCCC2)C(=O)NCCCN;;;;;;
CN1C=C(N=N1)C(=O)NC2=CC=CC(=C2)CN;;;;;;
CC(C)C(C)NC(=NC)NCC1=CC=CC=C1.I;;;;;;
CCNC(=NCC1=C(C=C(C=C1)Cl)Cl)NCC2=NN=C3N2CCC3;;;;;;
CCOC(=O)N1CCN(CC1)C(=NC)NCCCCOC2=CC=C(C=C2)C.I;;;;;;
CCNC(=NCCCCN1C(=CC=CC1=O)C)N2CCN(CC2)C(=O)C3=CC=CO3.I;;;;;;
CCCNC(=NC)NCCN1CCN(CC1)CC.I;;;;;;
CCNC(=NCC1=NN=CN1CC)N2CCN(CC2)C3=CC=CC(=C3)C(F)(F)F;;;;;;
CC(COC)NC(=NC)NCCOC1=CC=CC=C1.I;;;;;;
CCCCOCCCNC(=NCC1CCN(C1)CC(F)(F)F)NCC;;;;;;
CCN(CCNC(=NC)N1CCC(CC1)C(=O)OC)C2=CC=CC=C2C.I;;;;;;
CN=C(NCCCN1C=NC2=CC=CC=C21)NCC(C3=CC=CO3)N4CCCCC4;;;;;;
CCCCNC(=NC)NCC1=CC=CC=C1OC(C)(C)C;;;;;;
CCNC(=NCC(C1=CC(=CC=C1)Cl)OC)N(C)CC2=CN(N=C2)C;;;;;;
CC(CCO)CNC(=O)NC(C1CCC1)C2=CC=C(C=C2)Cl;;;;;;
CCC1=NN=CN1CCNC(=NC)NC(C)C2=CC3=C(O2)C(=CC=C3)OCC;;;;;;
CCC1=CN=C(S1)CCNC(=NC)NCC2=C(N=CC=C2)N3CCOCC3;;;;;;
CN=C(NCC1=CC=CC=C1OCC=C)NCC(C2=CC(=CC=C2)F)N3CCOCC3.I;;;;;;
CC(C)(C)C1=CN=C(O1)CNC(=NC)NCC(=O)N2CCN(CC2)C3=CC=CC=C3;;;;;;
CN(C)C(CN=C(N)NC1CCOC2=CC=CC=C12)C3=CC=C(C=C3)OC.I;;;;;;
C1COC2=CC=CC=C2C1NC(=NCCC3=CC(=CC=C3)Cl)N.I;;;;;;
CCNC(=NCC1=C(N=CC=C1)OC2=CC(=CC=C2)F)NCC(C)(C3=CC=CO3)O.I;;;;;;
CCNC(=NCC1=NC=NN1C)NCCCC2=CN(N=C2)C.I;;;;;;
CC1(CCCCC1O)CNC(=O)NCCC2=CC(=CC=C2)OC;;;;;;
CCNC(=NCC1CN(CCO1)C)NCCCC2CCCCC2;;;;;;
CN=C(NCC1CC2=CC=CC=C2O1)NCC3=C(N=CC=C3)OCC4=CC=CC=C4.I;;;;;;
CCNC(=NCC1CCN(CC1)S(=O)(=O)C(F)(F)F)NC2CCC(CC2)O.I;;;;;;
COC1(CCCCC1)C2=NOC(=N2)CNCC=C;;;;;;
CN(C)CC1=CC=C(C=C1)NCC2=C(C(=CC=C2)F)O;;;;;;
CCNCC1=CSC(=N1)OCC;;;;;;
CC1=C(C=C(C=C1)OC2=CN=CC(=C2)CC(C)N)C;;;;;;
CCOC(C)CNCC(=C)C1=CC=CC=C1;;;;;;
CC(CCSC)N1CCCCC1=N;;;;;;
CC1=CC(=CC(=C1C)[N+](=O)[O-])S(=O)(=O)NC(C)CC#C;;;;;;
CC(CCSC)NC(=O)NC(=O)/C=C/C(=O)O;;;;;;
CC(CCSC)NC(=O)NC(=O)CCCC(=O)O;;;;;;
CCC(CC#C)N1C(=O)CCCCC1=O;;;;;;
CCOC(C)CNS(=O)(=O)N1CCNCC1;;;;;;
CCC(CC#C)N1C(=O)C2C(C1=O)C2(C)C;;;;;;
CCC(CC#C)N1C(=O)C2CC2C1=O;;;;;;
CCOC(C)CNC1=C(C(=NN1C)C(C)C)[N+](=O)[O-];;;;;;
CCOC(C)CNC1=CC2=NNC(=O)N2C(=N1)C;;;;;;
CC(CC#C)N1C(=O)CC(CC1=O)(C)C;;;;;;
CCC(CC#C)NC1=C(C=C(C=C1)C(=O)NCC)[N+](=O)[O-];;;;;;
CC(CC#C)NC1=C(C(=CC(=C1)F)F)[N+](=O)[O-];;;;;;
CCOC(C)CN1C2=CC(=C(C=C2N=C1CCl)Cl)F;;;;;;
CCOC(C)CNC(=O)NC1=CC(=C(C=C1)C(=O)O)C;;;;;;
CCOC(C)CNC(=O)NC(C1=CN(N=C1)C)C(=O)O;;;;;;
CCOC(C)CNC(=O)C1=C(C=C(C=C1)S(=O)(=O)N)C;;;;;;
CCC(CC#C)NS(=O)(=O)C1=CNC(=O)C(=C1)Cl;;;;;;
CC(CC#C)NC(=O)C1=CC=C(C=C1)C(=O)O;;;;;;
CCOC(C)CNC(=O)C1=C(C=C(C=C1)C)C#CCO;;;;;;
CCOC(C)CNC(=O)C1=CC=C(S1)C#CCCO;;;;;;
CCOC(C)CNC(=O)C1=C(C=C(C=C1)F)C#CCO;;;;;;
CCOC(C)CNC(=O)C1=C(C=CC(=C1)C)C#CCO;;;;;;
CCOC(C)CNC1=C(C(=NC=N1)NN)OC;;;;;;
C1CC(C1)CCNC2CCCC3=C2C=C(S3)I;;;;;;
CC(C#N)NCCC1CCC1;;;;;;
C1CC(C1)CCNS(=O)(=O)C2=CC3=C(C=C2)NCCC3;;;;;;
CC(C)(CN1C2=CC(=C(C=C2N=C1N)Cl)F)SC;;;;;;
CCCCOCCCNC(=O)NC1CCCC(C1)C(=O)O;;;;;;
C1CC1C(=O)NCCN2C3=CC(=C(C=C3NC2=S)Cl)F;;;;;;
C1CC1C(=O)NCCNC(=O)N2CCOCC2CC(=O)O;;;;;;
CCC1(CCC1)NS(=O)(=O)C2=C(C=C(C=C2)C)N;;;;;;
CC(C)CC(CNC(=O)NCC1CSCCS1)C(=O)O;;;;;;
C1COCCN1C2=CC=C(C=C2)C(=O)C[C@@H]3CC=CC=C3;;;;;;
COCC1=C(SC2=CC=CC(=C21)F)C(=O)N3CCC[C@@H]3C(=O)O;;;;;;
CCC1(C2=CC3=C(C=C2C4=CC=CC=[N+]4C1(CC)CC)C5CCC3CC5)C;;;;;;
C[C@H](CCC[C@@H](C=C[C@H]1[C@@H](C[C@H]([C@@H]1CCCC2=CC=C(S2)C(=O)O)Cl)OC3CCCCO3)O)O[Si](C)(C)C(C)(C)C;;;;;;
CC(C1(CCCCO1)[SiH3])O;;;;;;
COC1=CC=C(C=C1)[C@H]2[C@@H]3[C@H]4CC[C@@H](C4)[C@H]3SC5=C2SC(=S)N5;;;;;;
C1[C@@H]2[C@@H]3C[C@@H]([C@@H]4[C@@H]3[C@@H]5[C@@H]2[C@@H]([C@@H]1O)[C@H]6[C@H]5[C@H]4[C@H](C6)O)O;;;;;;
CC(C)C(=O)NCC[C@H]1CN(CC2=CC=NN12)CC3=C4C=CNC4=CC=C3;;;;;;
CCOCC(=O)N1CCC[C@]2(C1)C[C@H](CO2)OCC3=CC=NC=C3;;;;;;
C1C[C@@H]2[C@@H](N(N=C2/C(=C\\C3=CC=C(C=C3)Cl)/C1)C(=O)CN4[C@H]5[C@H](C(=O)N(C5=O)C6=CC=CC=C6)N=N4)C7=CC=C(C=C7)Cl;;;;;;
CC1=NN(C(=C1Cl)C(=O)N/N=C\\C2=CC=C(S2)F)C;;;;;;
CN1C=CC(=N1)C(=O)N2CCOC[C@H]2C3=CC=NN3;;;;;;
COC1=CC=C(C=C1)CCC2=NC(=NC=C2C(=O)O)N3CCC[C@H]3C4=C(C=C(C=C4)OC)OC;;;;;;
CS(=O)(=O)N(CCCC(=O)N(CC1=C(C=C(C=C1)Cl)Cl)[C@H](CC2=CC=CC=C2)C(=O)NC3CCCCC3)C4=CC(=CC=C4)Cl;;;;;;
CC[C@H](C)NC(=O)[C@H](C)N(CC1=C(C=CC=C1Cl)Cl)C(=O)CN(C2=CC=C(C=C2)OC3=CC=CC=C3)S(=O)(=O)C4=CC=C(C=C4)C;;;;;;
C[C@H](C1=CC2=C(CCC2)C=C1)NC(=O)CN(C3=CC=CC=C3OC)S(=O)(=O)C4=CC=C(C=C4)OC;;;;;;
C[C@@H]1C[C@@H](CN(C1)C2=C(C=C(C=C2)N3[C@H]([C@H](NC3=S)C4=CC=CC=N4)C5=CC=CN5C6=NC=C(C=C6)Cl)Cl)C;;;;;;
CC[C@H](C)NC(=O)[C@H](CC1=CC=CC=C1)N(CC2=C(C=CC=C2Cl)Cl)C(=O)CN(C3=C(C=C(C=C3)OC)OC)S(=O)(=O)C;;;;;;
CC1=CC=C(C=C1)N(CC(=O)N(CC2=C(C=C(C=C2)Cl)Cl)[C@H](CC3=CC=CC=C3)C(=O)NC4CCCC4)S(=O)(=O)C5=CC=C(C=C5)F;;;;;;
CC1=CC=C(C=C1)NC(=O)COC2=CC=C(C=C2)/C=N\\NC(=O)CN(C3=CC(=CC=C3)Br)S(=O)(=O)C;;;;;;
CCC1=CC=CC=C1N(CC(=O)N/N=C\\C2=CC(=C(C(=C2)Br)OCC3=CC=CC=C3)OC)S(=O)(=O)C4=CC=CC=C4;;;;;;
COC1=C(C=CC(=C1)/C=C/2\\C(=O)N(C(=O)S2)CC(=O)NC3=C(C=C(C=C3)F)F)OC4=C(C=C(C=C4)[N+](=O)[O-])[N+](=O)[O-];;;;;;
CNCC1=C(C2CCC1C2)C3=CC4=C(C=C3)SC=C4C#N.Cl;;;;;;
CC1=CC=C(C=C1)C(=NC=N)N;;;;;;
CC1=C(C=CC(=C1)C2=C(C=C(C=C2)Cl)Cl)C3CC3.CC1(C(=O)C2(CO2)C(O1)(C)C)C;;;;;;
C/C=C\\C(=C(\\C)/C=C/COC)\\O;;;;;;
CCCCN1C(=C(C=C1C2=CC=CC=C2)C(=O)NC3=CC=CC(=C3)C(F)(F)F)C;;;;;;
COC1=CC2=C(CC3C45C2(CCN3CCN6CCCC6)C7[C@H](C4)C(=O)N(C7CC5)CC8=CC=CC=C8)C=C1;;;;;;
C1CC(=C(C=C1)C2=C3C(=CCC2)C4=CC=CC=C4N3C5=CC=CC=C5)C6=CC7C(C=C6)C8=CC=CC=C8N7C9=CC=C(CC9)C#N;;;;;;
CC(C)CN1C2=NC(=NC=C2COC1=O)NC(C)C3=CC=C(C=C3)COC4CN(C4)C(=O)O;;;;;;
[2H]C1=C(C(=C(C(=C1[2H])[2H])C2=CC(=NC=C2)C3=CC(=CC(=C3)C4=C5C(=CC=C4)N(C(=N5)C6=CC(=CC(=C6O)C)C)C7=C(C=C(C=C7)C([2H])(C)C)C8=CC=C(C=C8)C(C)(C)C)C(C)(C)C)[2H])[2H];;;;;;
CC(C)(C)OC(=O)N1CCN(CC1)CC(=O)N2CCC(CC2)C=O;;;;;;
CC(C)C(=O)NCC(C)(C)OCCC(C)(C)C(=O)N;;;;;;
CS(=O)(=O)C1=CC=C(C=C1)NC2=NC(=CN=C2C(=O)N)N3CCC[C@H](C3)NC(=O)C4CC5CCC(C4)N5CC6CCN(CC6)C7=CC8=C(C=C7)C(=O)N(C8=O)C9CCC(=O)NC9=O;;;;;;
CCOCC1=NC2=C(N1CCCCNC(=O)C3=CC(=CC=C3)N)C4=C(C=CC=N4)N=C2N;;;;;;
CC(C)C1(CC(=C(C1)C=C)C=C)CO;;;;;;
CC1=NC=CN=C1CN2CC(C(C2)NS(=O)(=O)C)C(C)C;;;;;;
CCNCCOCNCC=O;;;;;;